datetime,open,high,low,close,volume,EMA50,EMA200,RSI14,ATR14,HL2,SMA20,Volatility,price_change_pct,candle_body_size,upper_wick_size,lower_wick_size,rolling_volume_mean,normalized_volume,rolling_close_mean,rolling_high_low_range,momentum,ai_buy_prob,ai_sell_prob,signal
2023-01-01 00:00:00,1800.0,1805.5,1798.5,1804.0,1500,1804.0,1804.0,100.0,4.678571428571429,1802.0,1821.2,9.195822850334748,0.0019401330376940251,0.0022172949002217295,0.0008314855875831486,0.0008314855875831486,1955.0,1.0230179028132993,1821.2,4.625,19.0,0.9999546021312976,4.5397868702390376e-05,NONE
2023-01-01 00:15:00,1804.0,1808.0,1802.5,1807.5,1800,1804.1372549019607,1804.034825870647,100.0,4.678571428571429,1805.25,1821.2,9.195822850334748,0.0019401330376940251,0.0019363762102351315,0.00027662517289073305,0.0008298755186721991,1955.0,1.0230179028132993,1821.2,4.625,19.0,0.9999546278986988,4.5372101301177636e-05,BUY
2023-01-01 00:30:00,1807.5,1810.0,1806.0,1809.5,2100,1804.3475586312957,1804.08920571273,100.0,4.678571428571429,1808.0,1821.2,9.195822850334748,0.0011065006915629283,0.0011052777010223818,0.00027631942525559546,0.0008289582757667864,1955.0,1.0230179028132993,1821.2,4.625,19.0,0.9999546670934212,4.533290657882105e-05,BUY
2023-01-01 00:45:00,1809.5,1812.0,1808.0,1811.0,1950,1804.6084386849705,1804.1579698349915,100.0,4.678571428571429,1810.0,1821.2,9.195822850334748,0.000828958275766789,0.0008282716731087797,0.0005521811154058532,0.0008282716731087797,1955.0,1.0230179028132993,1821.2,4.625,19.0,0.9999547153358604,4.528466413955545e-05,BUY
2023-01-01 01:00:00,1811.0,1815.0,1809.0,1813.5,2300,1804.957127363991,1804.2509253590215,100.0,4.678571428571429,1812.0,1821.2,9.195822850334748,0.001380452788514619,0.0013785497656465398,0.0008271298593879239,0.0011028398125172319,1955.0,1.0230179028132993,1821.2,4.625,19.0,0.9999547794678151,4.5220532184919726e-05,BUY
2023-01-01 01:15:00,1813.5,1816.5,1811.5,1814.0,1750,1805.3117498203053,1804.3479310768423,100.0,4.678571428571429,1814.0,1821.2,9.195822850334748,0.00027570995312919955,0.0002756339581036384,0.0013781697905181918,0.0011025358324145535,1955.0,1.0230179028132993,1821.2,4.625,19.0,0.9999548439731871,4.5156026812875893e-05,BUY
2023-01-01 01:30:00,1814.0,1818.0,1813.0,1816.5,2000,1805.750504729313,1804.4688471855306,100.0,4.678571428571429,1815.5,1821.2,9.195822850334748,0.001378169790518191,0.0013762730525736307,0.0008257638315441783,0.0005505092210294523,1955.0,1.0230179028132993,1821.2,4.625,19.0,0.9999549234212034,4.507657879659899e-05,BUY
2023-01-01 01:45:00,1816.5,1819.5,1815.0,1818.0,1900,1806.2308770928694,1804.603485521993,100.0,4.678571428571429,1817.25,1821.2,9.195822850334748,0.0008257638315440907,0.0008250825082508251,0.0008250825082508251,0.0008250825082508251,1955.0,1.0230179028132993,1821.2,4.625,19.0,0.9999550096705392,4.499032946081449e-05,BUY
2023-01-01 02:00:00,1818.0,1821.0,1816.5,1819.5,2200,1806.7512348539333,1804.7517095466496,100.0,4.678571428571429,1818.75,1821.2,9.195822850334748,0.0008250825082507518,0.0008244023083264633,0.0008244023083264633,0.0008244023083264633,1955.0,1.0230179028132993,1821.2,4.625,19.0,0.9999551023060966,4.48976939033674e-05,BUY
2023-01-01 02:15:00,1819.5,1822.5,1818.0,1821.0,1850,1807.3100099577007,1804.913384078524,100.0,4.678571428571429,1820.25,1821.2,9.195822850334748,0.0008244023083263663,0.0008237232289950577,0.0008237232289950577,0.0008237232289950577,1955.0,1.0230179028132993,1821.2,4.625,19.0,0.9999552009284443,4.4799071555745584e-05,BUY
2023-01-01 02:30:00,1821.0,1824.0,1819.5,1823.0,2150,1807.9253036848497,1805.0933504061009,100.0,4.678571428571429,1821.75,1821.2,9.195822850334748,0.001098297638659984,0.0010970927043335162,0.0005485463521667581,0.0008228195282501371,1955.0,1.0230179028132993,1821.2,4.625,19.0,0.9999553087744795,4.4691225520532285e-05,BUY
2023-01-01 02:45:00,1823.0,1826.0,1821.5,1824.5,2050,1808.57529177564,1805.286451397085,100.0,4.678571428571429,1823.75,1821.2,9.195822850334748,0.0008228195282500295,0.000822143052891203,0.000822143052891203,0.000822143052891203,1955.0,1.0230179028132993,1821.2,4.625,17.0,0.9999554216574758,4.4578342524248527e-05,BUY
2023-01-01 03:00:00,1824.5,1827.5,1823.0,1826.0,1950,1809.2586136667912,1805.492556358308,100.0,4.678571428571429,1825.25,1821.2,9.195822850334748,0.0008221430528911888,0.0008214676889375684,0.0008214676889375684,0.0008214676889375684,1955.0,1.0230179028132993,1821.2,4.625,16.5,0.9999555392309994,4.4460769000553846e-05,BUY
2023-01-01 03:15:00,1826.0,1829.0,1824.5,1827.5,2100,1809.9739621504466,1805.7115358970316,100.0,4.678571428571429,1826.75,1821.2,9.195822850334748,0.0008214676889375383,0.0008207934336525308,0.0008207934336525308,0.0008207934336525308,1955.0,1.0230179028132993,1821.2,4.625,16.5,0.9999556611630528,4.433883694721086e-05,BUY
2023-01-01 03:30:00,1827.5,1830.5,1826.0,1828.5,1800,1810.7004734386644,1805.9382867836284,100.0,4.678571428571429,1828.25,1821.2,9.195822850334748,0.0005471956224349928,0.0005468963631391851,0.0010937927262783702,0.0008203445447087777,1955.0,1.0230179028132993,1821.2,4.625,15.0,0.9999557835565972,4.421644340280029e-05,BUY
2023-01-01 03:45:00,1828.5,1831.0,1827.0,1829.0,1700,1811.418101931266,1806.167756566876,100.0,4.571428571428571,1829.0,1821.2,9.195822850334748,0.00027344818156960216,0.0002733734281027884,0.0010934937124111536,0.0008201202843083652,1955.0,1.0230179028132993,1821.2,4.625,15.0,0.9999559027474457,4.409725255427599e-05,BUY
2023-01-01 04:00:00,1829.0,1832.0,1828.0,1830.5,2000,1812.1664116594516,1806.4098684418325,100.0,4.571428571428571,1830.0,1821.2,9.195822850334748,0.0008201202843083344,0.0008194482381862879,0.0008194482381862879,0.0005462988254575252,1955.0,1.0230179028132993,1821.2,4.625,14.0,0.9999560259684328,4.397403156719548e-05,BUY
2023-01-01 04:15:00,1830.5,1833.5,1829.5,1832.0,1900,1812.9441994375122,1806.6644966165406,100.0,4.571428571428571,1831.5,1821.2,9.195822850334748,0.0008194482381862489,0.0008187772925764192,0.0008187772925764192,0.0005458515283842794,1955.0,1.0230179028132993,1821.2,4.625,14.0,0.9999561529182672,4.3847081732772963e-05,BUY
2023-01-01 04:30:00,1832.0,1835.0,1831.0,1833.5,2100,1813.7503092634922,1806.9315165507044,100.0,4.428571428571429,1833.0,1821.2,9.195822850334748,0.0008187772925765113,0.0008181074447777475,0.0008181074447777475,0.000545404963185165,1955.0,1.0230179028132993,1821.2,4.625,14.0,0.9999562833088672,4.371669113278909e-05,BUY
2023-01-01 04:45:00,1833.5,1836.5,1832.5,1835.0,2000,1814.5836304688455,1807.210804943235,100.0,4.357142857142857,1834.5,1821.2,9.195822850334748,0.000818107444777727,0.0008174386920980927,0.0008174386920980927,0.0005449591280653951,1955.0,1.0230179028132993,1821.2,4.625,14.0,0.999956416864991,4.358313500896216e-05,BUY
2023-01-01 05:00:00,1835.0,1838.0,1834.0,1836.5,1950,1815.4430959406554,1807.5022397199193,100.0,4.285714285714286,1836.0,1822.825,8.86191585559135,0.0008174386920980492,0.0008167710318540703,0.0008167710318540703,0.0005445140212360468,1977.5,0.9860935524652339,1822.825,4.475,13.5,0.9999565533238598,4.344667614020192e-05,BUY
2023-01-01 05:15:00,1836.5,1839.5,1835.5,1838.0,2100,1816.327680413571,1807.8057000212136,100.0,4.25,1837.5,1824.35,8.708888381539175,0.0008167710318540689,0.0008161044613710555,0.0008161044613710555,0.000544069640914037,1992.5,1.053952321204517,1824.35,4.4,13.5,0.9999566924347784,4.33075652216397e-05,BUY
2023-01-01 05:30:00,1838.0,1841.0,1837.0,1839.5,1850,1817.2363988287252,1808.1210661901569,100.0,4.214285714285714,1839.0,1825.85,8.599418584997656,0.0008161044613710366,0.0008154389779831476,0.0008154389779831476,0.0005436259853220984,1980.0,0.9343434343434344,1825.85,4.4,13.5,0.9999568339587516,4.3166041248432485e-05,BUY
2023-01-01 05:45:00,1839.5,1842.5,1838.5,1841.0,2050,1818.1683047570107,1808.448219760404,100.0,4.178571428571429,1840.5,1827.35,8.488537162426638,0.0008154389779830851,0.0008147745790331341,0.0008147745790331341,0.0005431830526887561,1985.0,1.0327455919395465,1827.35,4.4,13.5,0.9999569776681032,4.30223318967915e-05,BUY
2023-01-01 06:00:00,1841.0,1844.0,1840.0,1842.5,1900,1819.1224888841869,1808.78704344438,100.0,4.142857142857143,1842.0,1828.8,8.475040754443436,0.0008147745790332284,0.0008141112618724559,0.0008141112618724559,0.000542740841248304,1965.0,0.9669211195928753,1828.8,4.3,14.0,0.9999571233460922,4.287665390778628e-05,BUY
2023-01-01 06:15:00,1842.5,1845.5,1841.5,1844.0,1800,1820.098077555395,1809.1374211215505,100.0,4.107142857142857,1843.5,1830.3,8.371945633137742,0.0008141112618724744,0.0008134490238611713,0.0008134490238611713,0.0005422993492407809,1967.5,0.9148665819567979,1830.3,4.25,15.0,0.9999572707865354,4.272921346459846e-05,BUY
2023-01-01 06:30:00,1844.0,1847.0,1843.0,1845.5,2150,1821.0942313767523,1809.4992378268087,100.0,4.071428571428571,1845.0,1831.75,8.367386563004057,0.0008134490238611569,0.000812787862367922,0.000812787862367922,0.000541858574911948,1975.0,1.0886075949367089,1831.75,4.2,15.0,0.99995741979343,4.2580206569997614e-05,BUY
2023-01-01 06:45:00,1845.5,1848.5,1844.5,1847.0,2000,1822.1101438717817,1809.8723797389798,100.0,4.035714285714286,1846.5,1833.2,8.371945633137813,0.0008127878623678253,0.0008121277747698972,0.0008121277747698972,0.0005414185165132648,1980.0,1.0101010101010102,1833.2,4.175,15.0,0.999957570180584,4.242981941604551e-05,BUY
2023-01-01 07:00:00,1847.0,1849.5,1846.0,1848.0,1750,1823.1254323473981,1810.2517590450595,100.0,3.9642857142857144,1847.75,1834.625,8.342779733650884,0.0005414185165133478,0.0005411255411255411,0.0008116883116883117,0.0005411255411255411,1957.5,0.8939974457215837,1834.625,4.125,14.5,0.999957718362073,4.2281637926966376e-05,BUY
2023-01-01 07:15:00,1848.0,1850.0,1847.0,1849.0,1600,1824.1401212749513,1810.637313681427,100.0,3.892857142857143,1848.5,1836.025,8.285172234019903,0.00054112554112562,0.0005408328826392645,0.0005408328826392645,0.0005408328826392645,1945.0,0.8226221079691517,1836.025,4.05,14.0,0.9999578643770866,4.213562291344175e-05,BUY
2023-01-01 07:30:00,1849.0,1851.5,1848.0,1850.0,1700,1825.1542341661298,1811.02898220201,100.0,3.857142857142857,1849.75,1837.375,8.250797409629145,0.0005408328826392861,0.0005405405405405405,0.0008108108108108108,0.0005405405405405405,1922.5,0.8842652795838751,1837.375,4.0,13.5,0.9999580082638876,4.199173611241225e-05,BUY
2023-01-01 07:45:00,1850.0,1852.0,1849.0,1851.0,1650,1826.1677936105953,1811.4267037721393,100.0,3.7857142857142856,1850.5,1838.7,8.20205365811104,0.000540540540540535,0.0005402485143165856,0.0005402485143165856,0.0005402485143165856,1902.5,0.8672798948751642,1838.7,3.925,13.0,0.9999581500598412,4.184994015876686e-05,BUY
2023-01-01 08:00:00,1851.0,1853.5,1850.0,1852.0,1800,1827.1808213121408,1811.8304181624662,100.0,3.75,1851.75,1840.0,8.143450710459973,0.0005402485143166658,0.0005399568034557236,0.0008099352051835853,0.0005399568034557236,1895.0,0.9498680738786279,1840.0,3.875,12.5,0.9999582898014421,4.1710198557920464e-05,BUY
2023-01-01 08:15:00,1852.0,1854.0,1851.0,1853.0,1700,1828.1933381234296,1812.2400657429394,100.0,3.6785714285714284,1852.5,1841.275,8.079335238418087,0.0005399568034556435,0.0005396654074473826,0.0005396654074473826,0.0005396654074473826,1875.0,0.9066666666666666,1841.275,3.8,12.0,0.9999584275243416,4.1572475658391284e-05,BUY
2023-01-01 08:30:00,1853.0,1855.5,1852.0,1854.0,1750,1829.2053640793736,1812.6555874768405,100.0,3.642857142857143,1853.75,1842.55,7.96852360359561,0.0005396654074474316,0.0005393743257820927,0.0008090614886731392,0.0005393743257820927,1872.5,0.9345794392523364,1842.55,3.75,11.5,0.9999585632633727,4.143673662726499e-05,BUY
2023-01-01 08:45:00,1854.0,1856.0,1853.0,1855.0,1650,1830.2169184292022,1813.076924914882,100.0,3.5714285714285716,1854.5,1843.85,7.759713776599269,0.0005393743257819938,0.0005390835579514825,0.0005390835579514825,0.0005390835579514825,1870.0,0.8823529411764706,1843.85,3.7,11.0,0.999958697052575,4.130294742499263e-05,BUY
2023-01-01 09:00:00,1855.0,1857.5,1854.0,1856.0,1850,1831.2280196672727,1813.504020189361,100.0,3.5357142857142856,1855.75,1845.125,7.5426419355838625,0.0005390835579515141,0.0005387931034482759,0.0008081896551724138,0.0005387931034482759,1862.5,0.9932885906040269,1845.125,3.675,10.5,0.9999588289252179,4.1171074782075934e-05,BUY
2023-01-01 09:15:00,1856.0,1858.0,1855.0,1857.0,1700,1832.2386855626737,1813.9368160083723,100.0,3.4642857142857144,1856.5,1846.375,7.321336878208599,0.0005387931034481763,0.0005385029617662897,0.0005385029617662897,0.0005385029617662897,1852.5,0.9176788124156545,1846.375,3.625,10.0,0.9999589589138242,4.104108617575264e-05,BUY
2023-01-01 09:30:00,1857.0,1859.5,1856.0,1858.0,1800,1833.2489331876668,1814.37525565008,100.0,3.4285714285714284,1857.75,1847.6,7.100037064395915,0.000538502961766385,0.0005382131324004305,0.0008073196986006459,0.0005382131324004305,1837.5,0.9795918367346939,1847.6,3.6,10.0,0.9999590870501914,4.091294980856919e-05,BUY
2023-01-01 09:45:00,1858.0,1860.0,1857.0,1859.0,1600,1834.2587789450133,1814.8192829570444,100.0,3.357142857142857,1858.5,1848.8,6.883236692750528,0.0005382131324003225,0.0005379236148466917,0.0005379236148466917,0.0005379236148466917,1817.5,0.8803301237964236,1848.8,3.55,10.0,0.9999592133654134,4.078663458662035e-05,BUY
2023-01-01 10:00:00,1859.0,1861.5,1858.0,1860.0,1900,1835.2682385942285,1815.2688423306063,100.0,3.3214285714285716,1859.75,1849.975,6.675712065312118,0.0005379236148466138,0.0005376344086021505,0.0008064516129032258,0.0005376344086021505,1815.0,1.046831955922865,1849.975,3.525,10.0,0.9999593378899003,4.066211009967624e-05,BUY
2023-01-01 10:15:00,1860.0,1862.0,1859.0,1861.0,1750,1836.277327276808,1815.7238787253266,100.0,3.25,1860.5,1851.125,6.482516973814745,0.0005376344086021057,0.0005373455131649651,0.0005373455131649651,0.0005373455131649651,1797.5,0.9735744089012517,1851.125,3.475,10.0,0.9999594606533985,4.0539346601531356e-05,BUY
2023-01-01 10:30:00,1861.0,1863.5,1860.0,1862.0,1850,1837.2860595404625,1816.1843376434826,100.0,3.25,1861.75,1852.25,6.308932681441032,0.0005373455131649774,0.0005370569280343716,0.0008055853920515575,0.0005370569280343716,1797.5,1.0292072322670376,1852.25,3.45,10.0,0.9999595816850101,4.0418314989909554e-05,BUY
2023-01-01 10:45:00,1862.0,1864.0,1861.0,1863.0,1700,1838.2944493624052,1816.6501651296173,100.0,3.25,1862.5,1853.35,6.160357132505206,0.0005370569280342963,0.0005367686527106817,0.0005367686527106817,0.0005367686527106817,1780.0,0.9550561797752809,1853.35,3.4,10.0,0.9999597010132102,4.02989867898107e-05,BUY
2023-01-01 11:00:00,1863.0,1865.5,1862.0,1864.0,1900,1839.3025101717226,1817.1213077651437,100.0,3.25,1863.75,1854.425,6.04212188242782,0.0005367686527106841,0.000536480686695279,0.0008047210300429185,0.000536480686695279,1780.0,1.0674157303370786,1854.425,3.375,10.0,0.9999598186658654,4.018133413463687e-05,BUY
2023-01-01 11:15:00,1864.0,1866.0,1863.0,1865.0,1650,1840.310254870871,1817.597712663003,100.0,3.25,1864.5,1855.475,5.959236528281789,0.0005364806866952065,0.0005361930294906167,0.0005361930294906167,0.0005361930294906167,1772.5,0.9308885754583921,1855.475,3.325,10.0,0.9999599346702503,4.006532974965005e-05,BUY
2023-01-01 11:30:00,1865.0,1867.5,1864.0,1866.0,1800,1841.3176958563272,1818.0793274623763,100.0,3.25,1865.75,1856.5,5.916079783100296,0.0005361930294907058,0.0005359056806002144,0.0008038585209003215,0.0005359056806002144,1755.0,1.0256410256410255,1856.5,3.3,10.0,0.9999600490530642,3.995094693576284e-05,BUY
2023-01-01 11:45:00,1866.0,1868.0,1865.0,1867.0,1600,1842.3248450384322,1818.5661003234475,100.0,3.25,1866.5,1857.5,5.916079783100296,0.000535905680600246,0.0005356186395286556,0.0005356186395286556,0.0005356186395286556,1735.0,0.9221902017291066,1857.5,3.25,10.0,0.9999601618404474,3.98381595525521e-05,BUY
2023-01-01 12:00:00,1867.0,1869.5,1866.0,1868.0,1850,1843.3317138604546,1819.0579799222191,100.0,3.25,1867.75,1858.5,5.916079783100296,0.0005356186395286677,0.0005353319057815846,0.0008029978586723769,0.0005353319057815846,1740.0,1.0632183908045978,1858.5,3.25,10.0,0.9999602730579957,3.972694200427007e-05,BUY
2023-01-01 12:15:00,1868.0,1870.0,1867.0,1869.0,1700,1844.3383133169073,1819.554915445381,100.0,3.25,1868.5,1859.5,5.916079783100296,0.0005353319057814776,0.0005350454788657035,0.0005350454788657035,0.0005350454788657035,1745.0,0.9742120343839542,1859.5,3.25,10.0,0.9999603827307755,3.9617269224523355e-05,BUY
2023-01-01 12:30:00,1869.0,1871.5,1868.0,1870.0,1800,1845.3446539711463,1820.0568565852282,100.0,3.25,1869.75,1860.5,5.916079783100296,0.0005350454788657366,0.0005347593582887701,0.0008021390374331551,0.0005347593582887701,1750.0,1.0285714285714285,1860.5,3.25,10.0,0.9999604908833382,3.950911666183998e-05,BUY
2023-01-01 12:45:00,1870.0,1872.0,1869.0,1871.0,1600,1846.3507459722778,1820.5637535346289,100.0,3.25,1870.5,1861.5,5.916079783100296,0.0005347593582887278,0.0005344735435595938,0.0005344735435595938,0.0005344735435595938,1747.5,0.9155937052932761,1861.5,3.25,10.0,0.9999605975397344,3.9402460265569594e-05,BUY
2023-01-01 13:00:00,1871.0,1873.5,1870.0,1872.0,1850,1847.3565990714042,1821.0755569820456,100.0,3.25,1871.75,1862.5,5.916079783100296,0.0005344735435595105,0.0005341880341880342,0.0008012820512820513,0.0005341880341880342,1750.0,1.0571428571428572,1862.5,3.25,10.0,0.9999607027235267,3.9297276473337917e-05,BUY
2023-01-01 13:15:00,1872.0,1874.0,1871.0,1873.0,1700,1848.3622226372315,1821.5922181066023,100.0,3.25,1872.5,1863.5,5.916079783100296,0.0005341880341880323,0.0005339028296849973,0.0005339028296849973,0.0005339028296849973,1750.0,0.9714285714285714,1863.5,3.25,10.0,0.9999608064578028,3.9193542197168973e-05,BUY
2023-01-01 13:30:00,1873.0,1875.5,1872.0,1874.0,1800,1849.3676256710658,1822.1136885732035,100.0,3.25,1873.75,1864.5,5.916079783100296,0.0005339028296849069,0.0005336179295624333,0.0008004268943436499,0.0005336179295624333,1752.5,1.0271041369472182,1864.5,3.25,10.0,0.9999609087651876,3.909123481238286e-05,BUY
2023-01-01 13:45:00,1874.0,1876.0,1873.0,1875.0,1600,1850.37281682122,1822.6399205276991,100.0,3.25,1874.5,1865.5,5.916079783100296,0.0005336179295625243,0.0005333333333333334,0.0005333333333333334,0.0005333333333333334,1750.0,0.9142857142857143,1865.5,3.25,10.0,0.9999610096678565,3.89903321434959e-05,BUY
2023-01-01 14:00:00,1875.0,1877.5,1874.0,1876.0,1850,1851.3778043968584,1823.1708665921003,100.0,3.25,1875.75,1866.5,5.916079783100296,0.0005333333333332746,0.0005330490405117271,0.0007995735607675906,0.0005330490405117271,1750.0,1.0571428571428572,1866.5,3.25,10.0,0.9999611091875451,3.8890812454894785e-05,BUY
2023-01-01 14:15:00,1876.0,1878.0,1875.0,1877.0,1700,1852.3825963812953,1823.7064798598408,100.0,3.25,1876.5,1867.5,5.916079783100296,0.0005330490405117683,0.0005327650506126798,0.0005327650506126798,0.0005327650506126798,1750.0,0.9714285714285714,1867.5,3.25,10.0,0.9999612073455628,3.879265443718083e-05,BUY
2023-01-01 14:30:00,1877.0,1879.5,1876.0,1878.0,1800,1853.3872004447742,1824.246713891086,100.0,3.25,1877.75,1868.5,5.916079783100296,0.0005327650506126158,0.0005324813631522897,0.0007987220447284345,0.0005324813631522897,1750.0,1.0285714285714285,1868.5,3.25,10.0,0.9999613041628015,3.869583719851022e-05,BUY
2023-01-01 14:45:00,1878.0,1880.0,1877.0,1879.0,1600,1854.3916239567438,1824.7915227080903,100.0,3.25,1878.5,1869.5,5.916079783100296,0.0005324813631522041,0.0005321979776476849,0.0005321979776476849,0.0005321979776476849,1750.0,0.9142857142857143,1869.5,3.25,10.0,0.999961399659748,3.8600340252048504e-05,BUY
2023-01-01 15:00:00,1879.0,1881.5,1878.0,1880.0,1850,1855.3958739976558,1825.340860790597,100.0,3.25,1879.75,1870.5,5.916079783100296,0.000532197977647586,0.0005319148936170213,0.0007978723404255319,0.0005319148936170213,1747.5,1.0586552217453504,1870.5,3.25,10.0,0.9999614938564928,3.850614350719983e-05,BUY
2023-01-01 15:15:00,1880.0,1882.0,1879.0,1881.0,1700,1856.3999573702968,1825.8946830712875,100.0,3.25,1880.5,1871.5,5.916079783100296,0.0005319148936169249,0.000531632110579479,0.000531632110579479,0.000531632110579479,1745.0,0.9742120343839542,1871.5,3.25,10.0,0.9999615867727412,3.841322725883778e-05,BUY
2023-01-01 15:30:00,1881.0,1883.5,1880.0,1882.0,1800,1857.4038806106773,1826.4529449312747,100.0,3.25,1881.75,1872.5,5.916079783100296,0.0005316321105794941,0.0005313496280552603,0.0007970244420828905,0.0005313496280552603,1742.5,1.0329985652797704,1872.5,3.25,10.0,0.9999616784278224,3.8321572177646424e-05,BUY
2023-01-01 15:45:00,1882.0,1884.0,1881.0,1883.0,1600,1858.407649998494,1827.0156021956402,100.0,3.25,1882.5,1873.5,5.916079783100296,0.0005313496280552332,0.0005310674455655868,0.0005310674455655868,0.0005310674455655868,1737.5,0.920863309352518,1873.5,3.25,10.0,0.9999617688406983,3.823115930168264e-05,BUY
2023-01-01 16:00:00,1883.0,1885.5,1882.0,1884.0,1850,1859.4112715671804,1827.582611129017,100.0,3.25,1883.75,1874.5,5.916079783100296,0.0005310674455656361,0.0005307855626326964,0.0007961783439490446,0.0005307855626326964,1735.0,1.0662824207492796,1874.5,3.25,10.0,0.9999618580299732,3.8141970026828176e-05,BUY
2023-01-01 16:15:00,1884.0,1886.0,1883.0,1885.0,1700,1860.4147511135657,1828.153928431216,100.0,3.25,1884.5,1875.5,5.916079783100296,0.0005307855626326408,0.0005305039787798408,0.0005305039787798408,0.0005305039787798408,1737.5,0.9784172661870504,1875.5,3.25,10.0,0.9999619460139029,3.805398609713073e-05,BUY
2023-01-01 16:30:00,1885.0,1887.5,1884.0,1886.0,1800,1861.4180942071514,1828.7295112328954,100.0,3.25,1885.75,1876.5,5.916079783100296,0.0005305039787797394,0.0005302226935312832,0.0007953340402969247,0.0005302226935312832,1737.5,1.0359712230215827,1876.5,3.25,10.0,0.9999620328104017,3.7967189598253626e-05,BUY
2023-01-01 16:45:00,1886.0,1888.0,1885.0,1887.0,1600,1862.4213061990279,1829.3093170912748,100.0,3.25,1886.5,1877.5,5.916079783100296,0.0005302226935313126,0.0005299417064122947,0.0005299417064122947,0.0005299417064122947,1737.5,0.920863309352518,1877.5,3.25,10.0,0.999962118437052,3.7881562948038905e-05,BUY
2023-01-01 17:00:00,1887.0,1889.5,1886.0,1888.0,1850,1863.4243922304386,1829.8933039858891,100.0,3.25,1887.75,1878.5,5.916079783100296,0.0005299417064121847,0.0005296610169491525,0.0007944915254237289,0.0005296610169491525,1737.5,1.064748201438849,1878.5,3.25,10.0,0.9999622029111118,3.7797088888180674e-05,BUY
2023-01-01 17:15:00,1888.0,1890.0,1887.0,1889.0,1700,1864.4273572410095,1830.4814303143878,100.0,3.25,1888.5,1879.5,5.916079783100296,0.0005296610169491789,0.0005293806246691371,0.0005293806246691371,0.0005293806246691371,1737.5,0.9784172661870504,1879.5,3.25,10.0,0.9999622862495221,3.7713750477896824e-05,BUY
2023-01-01 17:30:00,1889.0,1891.5,1888.0,1890.0,1800,1865.4302059766562,1831.073654888374,100.0,3.25,1889.75,1880.5,5.916079783100296,0.000529380624669118,0.0005291005291005291,0.0007936507936507937,0.0005291005291005291,1737.5,1.0359712230215827,1880.5,3.25,10.0,0.999962368468915,3.763153108504724e-05,BUY
2023-01-01 17:45:00,1890.0,1892.0,1889.0,1891.0,1600,1866.4329429971797,1831.6699369292858,100.0,3.25,1890.5,1881.5,5.916079783100296,0.0005291005291006012,0.0005288207297726071,0.0005288207297726071,0.0005288207297726071,1737.5,0.920863309352518,1881.5,3.25,10.0,0.9999624495856202,3.755041437980555e-05,BUY
2023-01-01 18:00:00,1891.0,1893.5,1890.0,1892.0,1850,1867.435572683565,1832.2702360643177,100.0,3.25,1891.75,1882.5,5.916079783100296,0.0005288207297726721,0.0005285412262156448,0.0007928118393234672,0.0005285412262156448,1737.5,1.064748201438849,1882.5,3.25,10.0,0.9999625296156726,3.747038432744265e-05,BUY
2023-01-01 18:15:00,1892.0,1894.0,1891.0,1893.0,1700,1868.4380992449937,1832.8745123223844,100.0,3.25,1892.5,1883.5,5.916079783100296,0.0005285412262157063,0.0005282620179609086,0.0005282620179609086,0.0005282620179609086,1737.5,0.9784172661870504,1883.5,3.25,10.0,0.9999626085748192,3.7391425180777205e-05,BUY
2023-01-01 18:30:00,1893.0,1895.5,1892.0,1894.0,1800,1869.4405267255822,1833.4827261301218,100.0,3.25,1893.75,1884.5,5.916079783100296,0.0005282620179609676,0.0005279831045406547,0.0007919746568109821,0.0005279831045406547,1737.5,1.0359712230215827,1884.5,3.25,10.0,0.9999626864785257,3.7313521474291456e-05,BUY
2023-01-01 18:45:00,1894.0,1896.0,1893.0,1895.0,1600,1870.4428590108535,1834.0948383079317,100.0,3.25,1894.5,1885.5,5.916079783100296,0.000527983104540608,0.0005277044854881266,0.0005277044854881266,0.0005277044854881266,1737.5,0.920863309352518,1885.5,3.25,10.0,0.9999627633419821,3.723665801791398e-05,BUY
2023-01-01 19:00:00,1895.0,1897.5,1894.0,1896.0,1850,1871.445099833957,1834.7108100660619,100.0,3.25,1895.75,1886.5,5.916079783100296,0.0005277044854881119,0.0005274261603375527,0.0007911392405063291,0.0005274261603375527,1737.5,1.064748201438849,1886.5,3.25,10.0,0.9999628391801104,3.71608198895812e-05,BUY
2023-01-01 19:15:00,1896.0,1898.0,1895.0,1897.0,1700,1872.4472527816451,1835.3306030007282,100.0,3.25,1896.5,1887.5,5.916079783100296,0.0005274261603376296,0.0005271481286241434,0.0005271481286241434,0.0005271481286241434,1737.5,0.9784172661870504,1887.5,3.25,10.0,0.9999629140075691,3.708599243090749e-05,BUY
2023-01-01 19:30:00,1897.0,1899.5,1896.0,1898.0,1800,1873.4493213000121,1835.9541790902733,100.0,3.25,1897.75,1888.5,5.916079783100296,0.0005271481286241997,0.0005268703898840885,0.0007903055848261328,0.0005268703898840885,1737.5,1.0359712230215827,1888.5,3.25,10.0,0.9999629878387608,3.70121612391916e-05,BUY
2023-01-01 19:45:00,1898.0,1900.0,1897.0,1899.0,1600,1874.4513087000116,1836.5815006913651,100.0,3.25,1898.5,1889.5,5.916079783100296,0.0005268703898841931,0.000526592943654555,0.000526592943654555,0.000526592943654555,1737.5,0.920863309352518,1889.5,3.25,10.0,0.9999630606878366,3.6939312163419835e-05,BUY
2023-01-01 20:00:00,1899.0,1901.5,1898.0,1900.0,1850,1875.4532181627562,1837.2125305352322,100.0,3.25,1899.75,1890.5,5.916079783100296,0.0005265929436546468,0.0005263157894736842,0.0007894736842105263,0.0005263157894736842,1737.5,1.064748201438849,1890.5,3.25,10.0,0.999963132568702,3.6867431298048814e-05,BUY
2023-01-01 20:15:00,1900.0,1902.0,1899.0,1901.0,1700,1876.455052744609,1837.8472317239364,100.0,3.25,1900.5,1891.5,5.916079783100296,0.000526315789473708,0.0005260389268805891,0.0005260389268805891,0.0005260389268805891,1737.5,0.9784172661870504,1891.5,3.25,10.0,0.9999632034950229,3.679650497712128e-05,BUY
2023-01-01 20:30:00,1901.0,1903.5,1900.0,1902.0,1800,1877.4568153820753,1838.4855677266833,100.0,3.25,1901.75,1892.5,5.916079783100296,0.0005260389268806342,0.0005257623554153522,0.0007886435331230284,0.0005257623554153522,1737.5,1.0359712230215827,1892.5,3.25,10.0,0.99996327348023,3.672651977004726e-05,BUY
2023-01-01 20:45:00,1902.0,1904.0,1901.0,1903.0,1600,1878.4585088965036,1839.127502376169,100.0,3.25,1902.5,1893.5,5.916079783100296,0.000525762355415349,0.0005254860746190226,0.0005254860746190226,0.0005254860746190226,1737.5,0.920863309352518,1893.5,3.25,10.0,0.9999633425375247,3.665746247527579e-05,BUY
2023-01-01 21:00:00,1903.0,1905.5,1902.0,1904.0,1850,1879.4601359986016,1839.7729998649636,100.0,3.25,1903.75,1894.5,5.916079783100296,0.0005254860746191081,0.0005252100840336134,0.0007878151260504202,0.0005252100840336134,1737.5,1.064748201438849,1894.5,3.25,10.0,0.9999634106798837,3.658932011629812e-05,BUY
2023-01-01 21:15:00,1904.0,1906.0,1903.0,1905.0,1700,1880.4616992927743,1840.4220247419291,100.0,3.25,1904.5,1895.5,5.916079783100296,0.0005252100840336116,0.0005249343832020997,0.0005249343832020997,0.0005249343832020997,1737.5,0.9784172661870504,1895.5,3.25,10.0,0.9999634779200633,3.6522079936651686e-05,BUY
2023-01-01 21:30:00,1905.0,1907.5,1904.0,1906.0,1800,1881.4632012812929,1841.0745419086763,100.0,3.25,1905.75,1896.5,5.916079783100296,0.0005249343832021136,0.0005246589716684155,0.0007869884575026233,0.0005246589716684155,1737.5,1.0359712230215827,1896.5,3.25,10.0,0.9999635442706054,3.6455729394591074e-05,BUY
2023-01-01 21:45:00,1906.0,1908.0,1905.0,1907.0,1600,1882.464644368301,1841.730516616053,100.0,3.25,1906.5,1897.5,5.916079783100296,0.0005246589716683125,0.0005243838489774515,0.0005243838489774515,0.0005243838489774515,1737.5,0.920863309352518,1897.5,3.25,10.0,0.9999636097438409,3.6390256159091194e-05,BUY
2023-01-01 22:00:00,1907.0,1909.5,1906.0,1908.0,1850,1883.4660308636617,1842.3899144606694,100.0,3.25,1907.75,1898.5,5.916079783100296,0.000524383848977461,0.0005241090146750524,0.0007861635220125787,0.0005241090146750524,1737.5,1.064748201438849,1898.5,3.25,10.0,0.9999636743518954,3.632564810462924e-05,BUY
2023-01-01 22:15:00,1908.0,1910.0,1907.0,1909.0,1700,1884.4673629866552,1843.052701381459,100.0,3.25,1908.5,1899.5,5.916079783100296,0.0005241090146750338,0.0005238344683080147,0.0005238344683080147,0.0005238344683080147,1737.5,0.9784172661870504,1899.5,3.25,10.0,0.9999637381066917,3.62618933082981e-05,BUY
2023-01-01 22:30:00,1909.0,1911.5,1908.0,1910.0,1800,1885.4686428695315,1843.7188436562703,100.0,3.25,1909.75,1900.5,5.916079783100296,0.0005238344683080598,0.0005235602094240838,0.0007853403141361257,0.0005235602094240838,1737.5,1.0359712230215827,1900.5,3.25,10.0,0.9999638010199561,3.619898004392219e-05,BUY
2023-01-01 22:45:00,1910.0,1912.0,1909.0,1911.0,1600,1886.4698725609226,1844.3883078984966,100.0,3.25,1910.5,1901.5,5.916079783100296,0.0005235602094240122,0.0005232862375719519,0.0005232862375719519,0.0005232862375719519,1737.5,0.920863309352518,1901.5,3.25,10.0,0.9999638631032206,3.613689677939291e-05,BUY
2023-01-01 23:00:00,1911.0,1913.5,1910.0,1912.0,1850,1887.4710540291217,1845.0610610537353,100.0,3.25,1911.75,1902.5,5.916079783100296,0.0005232862375719183,0.0005230125523012552,0.0007845188284518828,0.0005230125523012552,1737.5,1.064748201438849,1902.5,3.25,10.0,0.9999639243678284,3.607563217156162e-05,BUY
2023-01-01 23:15:00,1912.0,1914.0,1911.0,1913.0,1700,1888.4721891652346,1845.7370703964843,100.0,3.25,1912.5,1903.5,5.916079783100296,0.0005230125523012497,0.0005227391531625719,0.0005227391531625719,0.0005227391531625719,1737.5,0.9784172661870504,1903.5,3.25,10.0,0.9999639848249373,3.601517506268692e-05,BUY
2023-01-01 23:30:00,1913.0,1915.5,1912.0,1914.0,1800,1889.4732797862057,1846.4163035268678,100.0,3.25,1913.75,1904.5,5.916079783100296,0.000522739153162588,0.0005224660397074191,0.0007836990595611285,0.0005224660397074191,1737.5,1.0359712230215827,1904.5,3.25,10.0,0.9999640444855235,3.595551447654888e-05,BUY
2023-01-01 23:45:00,1914.0,1916.0,1913.0,1915.0,1600,1890.474327637727,1847.0987283673965,100.0,3.25,1914.5,1905.5,5.916079783100296,0.0005224660397074032,0.0005221932114882506,0.0005221932114882506,0.0005221932114882506,1737.5,0.920863309352518,1905.5,3.25,10.0,0.9999641033603845,3.589663961545142e-05,BUY
2023-01-02 00:00:00,1915.0,1917.5,1914.0,1916.0,1850,1891.475334397032,1847.7843131597608,100.0,3.25,1915.75,1906.5,5.916079783100296,0.0005221932114882755,0.0005219206680584551,0.0007828810020876827,0.0005219206680584551,1737.5,1.064748201438849,1906.5,3.25,10.0,0.9999641614601444,3.5838539855559404e-05,BUY
2023-01-02 00:15:00,1916.0,1918.0,1915.0,1917.0,1700,1892.4763016755799,1848.473026461654,100.0,3.25,1916.5,1907.5,5.916079783100296,0.0005219206680584509,0.0005216484089723526,0.0005216484089723526,0.0005216484089723526,1737.5,0.9784172661870504,1907.5,3.25,10.0,0.9999642187952557,3.5781204744345096e-05,BUY
2023-01-02 00:30:00,1917.0,1919.5,1916.0,1918.0,1800,1893.4772310216356,1849.1648371436277,100.0,3.25,1917.75,1908.5,5.916079783100296,0.0005216484089722861,0.0005213764337851929,0.0007820646506777894,0.0005213764337851929,1737.5,1.0359712230215827,1908.5,3.25,10.0,0.9999642753760043,3.57246239957032e-05,BUY
2023-01-02 00:45:00,1918.0,1920.0,1917.0,1919.0,1600,1894.478123922748,1849.8597143859797,100.0,3.25,1918.5,1909.5,5.916079783100296,0.0005213764337852478,0.0005211047420531526,0.0005211047420531526,0.0005211047420531526,1737.5,0.920863309352518,1909.5,3.25,10.0,0.9999643312125115,3.566878748850755e-05,BUY
2023-01-02 01:00:00,1919.0,1921.5,1918.0,1920.0,1850,1895.4789818081304,1850.5576276756715,100.0,3.25,1919.75,1910.5,5.916079783100296,0.0005211047420532466,0.0005208333333333333,0.00078125,0.0005208333333333333,1737.5,1.064748201438849,1910.5,3.25,10.0,0.9999643863147375,3.56136852625033e-05,BUY
2023-01-02 01:15:00,1920.0,1922.0,1919.0,1921.0,1700,1896.4798060509488,1851.2585468032767,100.0,3.25,1920.5,1911.5,5.916079783100296,0.0005208333333333037,0.0005205622071837585,0.0005205622071837585,0.0005205622071837585,1737.5,0.9784172661870504,1911.5,3.25,10.0,0.9999644406924856,3.555930751442116e-05,BUY
2023-01-02 01:30:00,1921.0,1923.5,1920.0,1922.0,1800,1897.4805979705193,1851.9624418599606,100.0,3.25,1921.75,1912.5,5.916079783100296,0.0005205622071837723,0.0005202913631633715,0.0007804370447450572,0.0005202913631633715,1737.5,1.0359712230215827,1912.5,3.25,10.0,0.9999644943554045,3.5505644595534847e-05,BUY
2023-01-02 01:45:00,1922.0,1924.0,1921.0,1923.0,1600,1898.4813588344207,1852.6692832344884,100.0,3.25,1922.5,1913.5,5.916079783100296,0.0005202913631634498,0.0005200208008320333,0.0005200208008320333,0.0005200208008320333,1737.5,0.920863309352518,1913.5,3.25,10.0,0.9999645473129907,3.5452687009329686e-05,BUY
2023-01-02 02:00:00,1923.0,1925.5,1922.0,1924.0,1850,1899.482089860522,1853.3790416102647,100.0,3.25,1923.75,1914.5,5.916079783100296,0.0005200208008320217,0.0005197505197505198,0.0007796257796257797,0.0005197505197505198,1737.5,1.064748201438849,1914.5,3.25,10.0,0.999964599574593,3.540042540695065e-05,BUY
2023-01-02 02:15:00,1924.0,1926.0,1923.0,1925.0,1700,1900.482792218933,1854.0916879624015,100.0,3.25,1924.5,1915.5,5.916079783100296,0.0005197505197505059,0.0005194805194805195,0.0005194805194805195,0.0005194805194805195,1737.5,0.9784172661870504,1915.5,3.25,10.0,0.9999646511494139,3.534885058609216e-05,BUY
2023-01-02 02:30:00,1925.0,1927.5,1924.0,1926.0,1800,1901.4834670338767,1854.8071935548155,100.0,3.25,1925.75,1916.5,5.916079783100296,0.0005194805194805863,0.0005192107995846313,0.000778816199376947,0.0005192107995846313,1737.5,1.0359712230215827,1916.5,3.25,10.0,0.9999647020465134,3.5297953486557176e-05,BUY
2023-01-02 02:45:00,1926.0,1928.0,1925.0,1927.0,1600,1902.4841153854893,1855.5255299373548,100.0,3.25,1926.5,1917.5,5.916079783100296,0.0005192107995846129,0.0005189413596263622,0.0005189413596263622,0.0005189413596263622,1737.5,0.920863309352518,1917.5,3.25,10.0,0.9999647522748112,3.5247725188813916e-05,BUY
2023-01-02 03:00:00,1927.0,1929.5,1926.0,1928.0,1850,1903.4847383115484,1856.2466689429534,100.0,3.25,1927.75,1918.5,5.916079783100296,0.0005189413596262682,0.0005186721991701245,0.0007780082987551867,0.0005186721991701245,1737.5,1.064748201438849,1918.5,3.25,10.0,0.9999648018430896,3.5198156910443146e-05,BUY
2023-01-02 03:15:00,1928.0,1930.0,1927.0,1929.0,1700,1904.4853368091349,1856.9705826848146,100.0,3.25,1928.5,1919.5,5.916079783100296,0.0005186721991701226,0.0005184033177812338,0.0005184033177812338,0.0005184033177812338,1737.5,0.9784172661870504,1919.5,3.25,10.0,0.999964850759996,3.514924000402875e-05,BUY
2023-01-02 03:30:00,1929.0,1931.5,1928.0,1930.0,1800,1905.4859118362278,1857.6972435536227,100.0,3.25,1929.75,1920.5,5.916079783100296,0.0005184033177811909,0.0005181347150259067,0.0007772020725388601,0.0005181347150259067,1737.5,1.0359712230215827,1920.5,3.25,10.0,0.9999648990340455,3.510096595449319e-05,BUY
2023-01-02 03:45:00,1930.0,1932.0,1929.0,1931.0,1600,1906.4864643132387,1858.4266242147805,100.0,3.25,1930.5,1921.5,5.916079783100296,0.0005181347150258198,0.0005178663904712584,0.0005178663904712584,0.0005178663904712584,1737.5,0.920863309352518,1921.5,3.25,10.0,0.9999649466736237,3.505332637632197e-05,BUY
2023-01-02 04:00:00,1931.0,1933.5,1930.0,1932.0,1850,1907.4869951244843,1859.1586976056783,100.0,3.25,1931.75,1922.5,5.916079783100296,0.0005178663904712444,0.0005175983436853002,0.0007763975155279503,0.0005175983436853002,1737.5,1.064748201438849,1922.5,3.25,10.0,0.9999649936869883,3.500631301167623e-05,BUY
2023-01-02 04:15:00,1932.0,1934.0,1931.0,1933.0,1700,1908.4875051196027,1859.893436932985,100.0,3.25,1932.5,1923.5,5.916079783100296,0.000517598343685366,0.0005173305742369374,0.0005173305742369374,0.0005173305742369374,1737.5,0.9784172661870504,1923.5,3.25,10.0,0.9999650400822724,3.4959917727617196e-05,BUY
2023-01-02 04:30:00,1933.0,1935.5,1932.0,1934.0,1800,1909.4879951149123,1860.6308156699702,100.0,3.25,1933.75,1924.5,5.916079783100296,0.0005173305742369738,0.000517063081695967,0.0007755946225439503,0.000517063081695967,1737.5,1.0359712230215827,1924.5,3.25,10.0,0.9999650858674861,3.4914132513885754e-05,BUY
2023-01-02 04:45:00,1934.0,1936.0,1933.0,1935.0,1600,1910.4884658947199,1861.3708075538511,100.0,3.25,1934.5,1925.5,5.916079783100296,0.0005170630816959676,0.0005167958656330749,0.0005167958656330749,0.0005167958656330749,1737.5,0.920863309352518,1925.5,3.25,10.0,0.9999651310505195,3.486894948045993e-05,BUY
2023-01-02 05:00:00,1935.0,1937.5,1934.0,1936.0,1850,1911.4889182125742,1862.1133865831662,100.0,3.25,1935.75,1926.5,5.916079783100296,0.0005167958656331351,0.0005165289256198347,0.0007747933884297521,0.0005165289256198347,1737.5,1.064748201438849,1926.5,3.25,10.0,0.9999651756391441,3.482436085588958e-05,BUY
2023-01-02 05:15:00,1936.0,1938.0,1935.0,1937.0,1700,1912.4893527924733,1862.8585270151746,100.0,3.25,1936.5,1927.5,5.916079783100296,0.0005165289256199301,0.0005162622612287042,0.0005162622612287042,0.0005162622612287042,1737.5,0.9784172661870504,1927.5,3.25,10.0,0.9999652196410156,3.478035898440979e-05,BUY
2023-01-02 05:30:00,1937.0,1939.5,1936.0,1938.0,1800,1913.4897703300235,1863.6062033632825,100.0,3.25,1937.75,1928.5,5.916079783100296,0.0005162622612286949,0.0005159958720330237,0.0007739938080495357,0.0005159958720330237,1737.5,1.0359712230215827,1928.5,3.25,10.0,0.9999652630636754,3.4736936324608614e-05,BUY
2023-01-02 05:45:00,1938.0,1940.0,1937.0,1939.0,1600,1914.490171493552,1864.3563903944937,100.0,3.25,1938.5,1929.5,5.916079783100296,0.0005159958720331037,0.0005157297576070139,0.0005157297576070139,0.0005157297576070139,1737.5,0.920863309352518,1929.5,3.25,10.0,0.9999653059145535,3.469408544654051e-05,BUY
2023-01-02 06:00:00,1939.0,1941.5,1938.0,1940.0,1850,1915.4905569251773,1865.109063126887,100.0,3.25,1939.75,1930.5,5.916079783100296,0.000515729757607053,0.0005154639175257732,0.0007731958762886598,0.0005154639175257732,1737.5,1.064748201438849,1930.5,3.25,10.0,0.9999653482009698,3.4651799030172015e-05,BUY
2023-01-02 06:15:00,1940.0,1942.0,1939.0,1941.0,1700,1916.490927241837,1865.864196827117,100.0,3.25,1940.5,1931.5,5.916079783100296,0.0005154639175257714,0.0005151983513652757,0.0005151983513652757,0.0005151983513652757,1737.5,0.9784172661870504,1931.5,3.25,10.0,0.9999653899301366,3.461006986338333e-05,BUY
2023-01-02 06:30:00,1941.0,1943.5,1940.0,1942.0,1800,1917.4912830362748,1866.6217670079416,100.0,3.25,1941.75,1932.5,5.916079783100296,0.0005151983513653757,0.0005149330587023687,0.000772399588053553,0.0005149330587023687,1737.5,1.0359712230215827,1932.5,3.25,10.0,0.9999654311091596,3.4568890840414035e-05,BUY
2023-01-02 06:45:00,1942.0,1944.0,1941.0,1943.0,1600,1918.4916248779896,1867.381749425773,100.0,3.25,1942.5,1933.5,5.916079783100296,0.000514933058702427,0.000514668039114771,0.000514668039114771,0.000514668039114771,1737.5,0.920863309352518,1933.5,3.25,10.0,0.9999654717450411,3.452825495886547e-05,BUY
2023-01-02 07:00:00,1943.0,1945.5,1942.0,1944.0,1850,1919.491953314147,1868.1441200782529,100.0,3.25,1943.75,1934.5,5.916079783100296,0.0005146680391148184,0.00051440329218107,0.0007716049382716049,0.00051440329218107,1737.5,1.064748201438849,1934.5,3.25,10.0,0.9999655118446809,3.448815531914562e-05,BUY
2023-01-02 07:15:00,1944.0,1946.0,1943.0,1945.0,1700,1920.4922688704548,1868.9088552018525,100.0,3.25,1944.5,1935.5,5.916079783100296,0.0005144032921811093,0.0005141388174807198,0.0005141388174807198,0.0005141388174807198,1737.5,0.9784172661870504,1935.5,3.25,10.0,0.9999655514148785,3.444858512147153e-05,BUY
2023-01-02 07:30:00,1945.0,1947.5,1944.0,1946.0,1800,1921.4925720520057,1869.6759312694958,100.0,3.25,1945.75,1936.5,5.916079783100296,0.0005141388174807471,0.0005138746145940391,0.0007708119218910585,0.0005138746145940391,1737.5,1.0359712230215827,1936.5,3.25,10.0,0.9999655904623348,3.440953766520316e-05,BUY
2023-01-02 07:45:00,1946.0,1948.0,1945.0,1947.0,1600,1922.4928633440838,1870.4453249882074,100.0,3.25,1946.5,1937.5,5.916079783100296,0.0005138746145940676,0.0005136106831022085,0.0005136106831022085,0.0005136106831022085,1737.5,0.920863309352518,1937.5,3.25,10.0,0.9999656289936533,3.4371006346733957e-05,BUY
2023-01-02 08:00:00,1947.0,1949.5,1946.0,1948.0,1850,1923.4931432129436,1871.2170132967826,100.0,3.25,1947.75,1938.5,5.916079783100296,0.0005136106831022946,0.000513347022587269,0.0007700205338809035,0.000513347022587269,1737.5,1.064748201438849,1938.5,3.25,10.0,0.9999656670153431,3.433298465693735e-05,BUY
2023-01-02 08:15:00,1948.0,1950.0,1947.0,1949.0,1700,1924.4934121065537,1871.9909733634815,100.0,3.25,1948.5,1939.5,5.916079783100296,0.0005133470225873182,0.000513083632632119,0.000513083632632119,0.000513083632632119,1737.5,0.9784172661870504,1939.5,3.25,10.0,0.9999657045338193,3.4295466180722656e-05,BUY
2023-01-02 08:30:00,1949.0,1951.5,1948.0,1950.0,1800,1925.4936704553163,1872.7671825837456,100.0,3.25,1949.75,1940.5,5.916079783100296,0.0005130836326321386,0.0005128205128205128,0.0007692307692307692,0.0005128205128205128,1737.5,1.0359712230215827,1940.5,3.25,10.0,0.9999657415554047,3.425844459525873e-05,BUY
2023-01-02 08:45:00,1950.0,1952.0,1949.0,1951.0,1600,1926.493918672755,1873.5456185779374,100.0,3.25,1950.5,1941.5,5.916079783100296,0.0005128205128204222,0.0005125576627370579,0.0005125576627370579,0.0005125576627370579,1737.5,0.920863309352518,1941.5,3.25,10.0,0.9999657780863326,3.4221913667420445e-05,BUY
2023-01-02 09:00:00,1951.0,1953.5,1950.0,1952.0,1850,1927.4941571561762,1874.326259189102,100.0,3.25,1951.75,1942.5,5.916079783100296,0.0005125576627371675,0.0005122950819672131,0.0007684426229508197,0.0005122950819672131,1737.5,1.064748201438849,1942.5,3.25,10.0,0.9999658141327464,3.418586725356665e-05,BUY
2023-01-02 09:15:00,1952.0,1954.0,1951.0,1953.0,1700,1928.4943862873065,1875.1090824807527,100.0,3.25,1952.5,1943.5,5.916079783100296,0.0005122950819671512,0.0005120327700972862,0.0005120327700972862,0.0005120327700972862,1737.5,0.9784172661870504,1943.5,3.25,10.0,0.9999658497007032,3.415029929676461e-05,BUY
2023-01-02 09:30:00,1953.0,1955.5,1952.0,1954.0,1800,1929.4946064329024,1875.8940667346756,100.0,3.25,1953.75,1944.5,5.916079783100296,0.0005120327700973704,0.0005117707267144319,0.0007676560900716479,0.0005117707267144319,1737.5,1.0359712230215827,1944.5,3.25,10.0,0.999965884796174,3.411520382601285e-05,BUY
2023-01-02 09:45:00,1954.0,1956.0,1953.0,1955.0,1600,1930.4948179453377,1876.6811904487583,100.0,3.25,1954.5,1945.5,5.916079783100296,0.0005117707267143778,0.0005115089514066496,0.0005115089514066496,0.0005115089514066496,1737.5,0.920863309352518,1945.5,3.25,10.0,0.9999659194250449,3.408057495513095e-05,BUY
2023-01-02 10:00:00,1955.0,1957.5,1954.0,1956.0,1850,1931.4950211631676,1877.4704323348403,100.0,3.25,1955.75,1946.5,5.916079783100296,0.000511508951406725,0.0005112474437627812,0.0007668711656441718,0.0005112474437627812,1737.5,1.064748201438849,1946.5,3.25,10.0,0.9999659535931197,3.4046406880317015e-05,BUY
2023-01-02 10:15:00,1956.0,1958.0,1955.0,1957.0,1700,1932.495216411671,1878.2617713165832,100.0,3.25,1956.5,1947.5,5.916079783100296,0.0005112474437627412,0.000510986203372509,0.000510986203372509,0.000510986203372509,1737.5,0.9784172661870504,1947.5,3.25,10.0,0.9999659873061203,3.4012693879703626e-05,BUY
2023-01-02 10:30:00,1957.0,1959.5,1956.0,1958.0,1800,1933.4954040033701,1879.0551865273635,100.0,3.25,1957.75,1948.5,5.916079783100296,0.0005109862033725321,0.0005107252298263534,0.0007660878447395301,0.0005107252298263534,1737.5,1.0359712230215827,1948.5,3.25,10.0,0.9999660205696891,3.3979430310915326e-05,BUY
2023-01-02 10:45:00,1958.0,1960.0,1957.0,1959.0,1600,1934.495584238532,1879.8506573081859,100.0,3.25,1958.5,1949.5,5.916079783100296,0.0005107252298264253,0.0005104645227156713,0.0005104645227156713,0.0005104645227156713,1737.5,0.920863309352518,1949.5,3.25,10.0,0.9999660533893886,3.3946610611401695e-05,BUY
2023-01-02 11:00:00,1959.0,1961.5,1958.0,1960.0,1850,1935.4957574056484,1880.648163205617,100.0,3.25,1959.75,1950.5,5.916079783100296,0.0005104645227156368,0.0005102040816326531,0.0007653061224489796,0.0005102040816326531,1737.5,1.064748201438849,1950.5,3.25,10.0,0.9999660857707047,3.3914229295328724e-05,BUY
2023-01-02 11:15:00,1960.0,1962.0,1959.0,1961.0,1700,1936.4959237818975,1881.4476839697404,100.0,3.25,1960.5,1951.5,5.916079783100296,0.0005102040816327147,0.0005099439061703213,0.0005099439061703213,0.0005099439061703213,1737.5,0.9784172661870504,1951.5,3.25,10.0,0.9999661177190466,3.388228095335677e-05,BUY
2023-01-02 11:30:00,1961.0,1963.5,1960.0,1962.0,1800,1937.496083633588,1882.2491995521311,100.0,3.25,1961.75,1952.5,5.916079783100296,0.0005099439061704292,0.0005096839959225281,0.0007645259938837921,0.0005096839959225281,1737.5,1.0359712230215827,1952.5,3.25,10.0,0.9999661492397488,3.3850760251197265e-05,BUY
2023-01-02 11:45:00,1962.0,1964.0,1961.0,1963.0,1600,1938.4962372165844,1883.052690103851,100.0,3.25,1962.5,1953.5,5.916079783100296,0.0005096839959224386,0.0005094243504839531,0.0005094243504839531,0.0005094243504839531,1737.5,0.920863309352518,1953.5,3.25,10.0,0.9999661803380718,3.381966192816943e-05,BUY
2023-01-02 12:00:00,1963.0,1965.5,1962.0,1964.0,1850,1939.4963847767183,1883.8581359734644,100.0,3.25,1963.75,1954.5,5.916079783100296,0.0005094243504839557,0.0005091649694501018,0.0007637474541751527,0.0005091649694501018,1737.5,1.064748201438849,1954.5,3.25,10.0,0.9999662110192038,3.3788980796201074e-05,BUY
2023-01-02 12:15:00,1964.0,1966.0,1963.0,1965.0,1700,1940.4965265501803,1884.6655177050718,100.0,3.25,1964.5,1955.5,5.916079783100296,0.0005091649694501932,0.0005089058524173028,0.0005089058524173028,0.0005089058524173028,1737.5,0.9784172661870504,1955.5,3.25,10.0,0.9999662412882612,3.375871173882938e-05,BUY
2023-01-02 12:30:00,1965.0,1967.5,1964.0,1966.0,1800,1941.4966627638987,1885.4748160363647,100.0,3.25,1965.75,1956.5,5.916079783100296,0.0005089058524172518,0.000508646998982706,0.000762970498474059,0.000508646998982706,1737.5,1.0359712230215827,1956.5,3.25,10.0,0.9999662711502909,3.372884970909151e-05,BUY
2023-01-02 12:45:00,1966.0,1968.0,1965.0,1967.0,1600,1942.4967936359028,1886.2860118966994,100.0,3.25,1966.5,1957.5,5.916079783100296,0.0005086469989827869,0.0005083884087442806,0.0005083884087442806,0.0005083884087442806,1737.5,0.920863309352518,1957.5,3.25,10.0,0.9999663006102704,3.36993897296356e-05,BUY
2023-01-02 13:00:00,1967.0,1969.5,1966.0,1968.0,1850,1943.4969193756715,1887.09908640519,100.0,3.25,1967.75,1958.5,5.916079783100296,0.0005083884087442314,0.0005081300813008131,0.0007621951219512195,0.0005081300813008131,1737.5,1.064748201438849,1958.5,3.25,10.0,0.9999663296731094,3.3670326890611335e-05,BUY
2023-01-02 13:15:00,1968.0,1970.0,1967.0,1969.0,1700,1944.4970401844687,1887.9140208688202,100.0,3.25,1968.5,1959.5,5.916079783100296,0.000508130081300795,0.0005078720162519045,0.0005078720162519045,0.0005078720162519045,1737.5,0.9784172661870504,1959.5,3.25,10.0,0.9999663583436502,3.3641656349781e-05,BUY
2023-01-02 13:30:00,1969.0,1971.5,1968.0,1970.0,1800,1945.4971562556661,1888.7307967805734,100.0,3.25,1969.75,1960.5,5.916079783100296,0.000507872016251909,0.0005076142131979696,0.0007614213197969543,0.0005076142131979696,1737.5,1.0359712230215827,1960.5,3.25,10.0,0.9999663866266704,3.361337332963288e-05,BUY
2023-01-02 13:45:00,1970.0,1972.0,1969.0,1971.0,1600,1946.4972677750518,1889.5493958175828,100.0,3.25,1970.5,1961.5,5.916079783100296,0.0005076142131978933,0.0005073566717402334,0.0005073566717402334,0.0005073566717402334,1737.5,0.920863309352518,1961.5,3.25,10.0,0.9999664145268818,3.3585473118158404e-05,BUY
2023-01-02 14:00:00,1971.0,1973.5,1970.0,1972.0,1850,1947.497374921128,1890.3697998392986,100.0,3.25,1971.75,1962.5,5.916079783100296,0.0005073566717401778,0.0005070993914807302,0.0007606490872210953,0.0005070993914807302,1737.5,1.064748201438849,1962.5,3.25,10.0,0.9999664420489334,3.355795106663173e-05,BUY
2023-01-02 14:15:00,1972.0,1974.0,1971.0,1973.0,1700,1948.4974778653977,1891.191990885674,100.0,3.25,1972.5,1963.5,5.916079783100296,0.0005070993914806365,0.0005068423720223011,0.0005068423720223011,0.0005068423720223011,1737.5,0.9784172661870504,1963.5,3.25,10.0,0.9999664691974108,3.353080258916563e-05,BUY
2023-01-02 14:30:00,1973.0,1975.5,1972.0,1974.0,1800,1949.497576772637,1892.0159511753686,100.0,3.25,1973.75,1964.5,5.916079783100296,0.0005068423720222537,0.0005065856129685917,0.0007598784194528875,0.0005065856129685917,1737.5,1.0359712230215827,1964.5,3.25,10.0,0.9999664959768386,3.350402316137924e-05,BUY
2023-01-02 14:45:00,1974.0,1976.0,1973.0,1975.0,1600,1950.4976718011612,1892.841663103972,100.0,3.25,1974.5,1965.5,5.916079783100296,0.0005065856129686797,0.0005063291139240507,0.0005063291139240507,0.0005063291139240507,1737.5,0.920863309352518,1965.5,3.25,10.0,0.9999665223916802,3.347760831984292e-05,BUY
2023-01-02 15:00:00,1975.0,1977.5,1974.0,1976.0,1850,1951.4977631030765,1893.669109242241,100.0,3.25,1975.75,1966.5,5.916079783100296,0.0005063291139240089,0.0005060728744939271,0.0007591093117408907,0.0005060728744939271,1737.5,1.064748201438849,1966.5,3.25,10.0,0.9999665484463393,3.3451553660746036e-05,BUY
2023-01-02 15:15:00,1976.0,1978.0,1975.0,1977.0,1700,1952.4978508245244,1894.498272334358,100.0,3.25,1976.5,1967.5,5.916079783100296,0.0005060728744938903,0.0005058168942842691,0.0005058168942842691,0.0005058168942842691,1737.5,0.9784172661870504,1967.5,3.25,10.0,0.9999665741451613,3.342585483867566e-05,BUY
2023-01-02 15:30:00,1977.0,1979.5,1976.0,1978.0,1800,1953.4979351059155,1895.3291352962053,100.0,3.25,1977.75,1968.5,5.916079783100296,0.0005058168942841945,0.0005055611729019212,0.0007583417593528817,0.0005055611729019212,1737.5,1.0359712230215827,1968.5,3.25,10.0,0.9999665994924329,3.34005075670607e-05,BUY
2023-01-02 15:45:00,1978.0,1980.0,1977.0,1979.0,1600,1954.498016082154,1896.161681213656,100.0,3.25,1978.5,1969.5,5.916079783100296,0.0005055611729019027,0.0005053057099545225,0.0005053057099545225,0.0005053057099545225,1737.5,0.920863309352518,1969.5,3.25,10.0,0.9999666244923845,3.337550761550734e-05,BUY
2023-01-02 16:00:00,1979.0,1981.5,1978.0,1980.0,1850,1955.498093882854,1896.9958933408834,100.0,3.25,1979.75,1970.5,5.916079783100296,0.00050530570995444,0.000505050505050505,0.0007575757575757576,0.000505050505050505,1737.5,1.064748201438849,1970.5,3.25,10.0,0.99996664914919,3.335085081002109e-05,BUY
2023-01-02 16:15:00,1980.0,1982.0,1979.0,1981.0,1700,1956.4981686325461,1897.8317550986858,100.0,3.25,1980.5,1971.5,5.916079783100296,0.0005050505050505638,0.0005047955577990914,0.0005047955577990914,0.0005047955577990914,1737.5,0.9784172661870504,1971.5,3.25,10.0,0.9999666734669683,3.3326533031674543e-05,BUY
2023-01-02 16:30:00,1981.0,1983.5,1980.0,1982.0,1800,1957.4982404508778,1898.6692500728284,100.0,3.25,1981.75,1972.5,5.916079783100296,0.0005047955577990315,0.0005045408678102926,0.0007568113017154389,0.0005045408678102926,1737.5,1.0359712230215827,1972.5,3.25,10.0,0.9999666974497838,3.330255021616324e-05,BUY
2023-01-02 16:45:00,1982.0,1984.0,1981.0,1983.0,1600,1958.4983094528043,1899.5083620124024,100.0,3.25,1982.5,1973.5,5.916079783100296,0.0005045408678103769,0.0005042864346949068,0.0005042864346949068,0.0005042864346949068,1737.5,0.920863309352518,1973.5,3.25,10.0,0.9999667211016473,3.3278898352695485e-05,BUY
2023-01-02 17:00:00,1983.0,1985.5,1982.0,1984.0,1850,1959.4983757487728,1900.3490748281993,100.0,3.25,1983.75,1974.5,5.916079783100296,0.0005042864346949116,0.0005040322580645161,0.0007560483870967742,0.0005040322580645161,1737.5,1.064748201438849,1974.5,3.25,10.0,0.999966744426517,3.325557348299313e-05,BUY
2023-01-02 17:15:00,1984.0,1986.0,1983.0,1985.0,1700,1960.4984394448993,1901.1913725911027,100.0,3.25,1984.5,1975.5,5.916079783100296,0.0005040322580645018,0.0005037783375314861,0.0005037783375314861,0.0005037783375314861,1737.5,0.9784172661870504,1975.5,3.25,10.0,0.999966767428299,3.32325717009585e-05,BUY
2023-01-02 17:30:00,1985.0,1987.5,1984.0,1986.0,1800,1961.4985006431384,1902.0352395304947,100.0,3.25,1985.75,1976.5,5.916079783100296,0.0005037783375314575,0.0005035246727089627,0.0007552870090634441,0.0005035246727089627,1737.5,1.0359712230215827,1976.5,3.25,10.0,0.9999667901108488,3.320988915123113e-05,BUY
2023-01-02 17:45:00,1986.0,1988.0,1985.0,1987.0,1600,1962.4985594414468,1902.8806600326789,100.0,3.25,1986.5,1977.5,5.916079783100296,0.000503524672708977,0.0005032712632108706,0.0005032712632108706,0.0005032712632108706,1737.5,0.920863309352518,1977.5,3.25,10.0,0.9999668124779705,3.31875220295208e-05,BUY
2023-01-02 18:00:00,1987.0,1989.5,1986.0,1988.0,1850,1963.4986159339392,1903.727618639319,100.0,3.25,1987.75,1978.5,5.916079783100296,0.0005032712632109249,0.0005030181086519115,0.0007545271629778672,0.0005030181086519115,1737.5,1.064748201438849,1978.5,3.25,10.0,0.9999668345334195,3.3165466580498126e-05,BUY
2023-01-02 18:15:00,1988.0,1990.0,1987.0,1989.0,1700,1964.4986702110396,1904.576100045893,100.0,3.25,1988.5,1979.5,5.916079783100296,0.0005030181086518315,0.0005027652086475615,0.0005027652086475615,0.0005027652086475615,1737.5,0.9784172661870504,1979.5,3.25,10.0,0.9999668562809022,3.3143719097794566e-05,BUY
2023-01-02 18:30:00,1989.0,1991.5,1988.0,1990.0,1800,1965.4987223596263,1905.426089100163,100.0,3.25,1989.75,1980.5,5.916079783100296,0.0005027652086475598,0.0005025125628140704,0.0007537688442211055,0.0005025125628140704,1737.5,1.0359712230215827,1980.5,3.25,10.0,0.9999668777240767,3.3122275923336275e-05,BUY
2023-01-02 18:45:00,1990.0,1992.0,1989.0,1991.0,1600,1966.4987724631703,1906.2775708006589,100.0,3.25,1990.5,1981.5,5.916079783100296,0.0005025125628139726,0.0005022601707684581,0.0005022601707684581,0.0005022601707684581,1737.5,0.920863309352518,1981.5,3.25,10.0,0.999966898866554,3.310113344601184e-05,BUY
2023-01-02 19:00:00,1991.0,1993.5,1990.0,1992.0,1850,1967.4988206018695,1907.1305302951798,100.0,3.25,1991.75,1982.5,5.916079783100296,0.0005022601707684871,0.000502008032128514,0.0007530120481927711,0.000502008032128514,1737.5,1.064748201438849,1982.5,3.25,10.0,0.9999669197118978,3.3080288102227406e-05,BUY
2023-01-02 19:15:00,1992.0,1994.0,1991.0,1993.0,1700,1968.4988668527767,1907.9849528793075,100.0,3.25,1992.5,1983.5,5.916079783100296,0.0005020080321285203,0.0005017561465127947,0.0005017561465127947,0.0005017561465127947,1737.5,0.9784172661870504,1983.5,3.25,10.0,0.9999669402636265,3.3059736373464155e-05,BUY
2023-01-02 19:30:00,1993.0,1995.5,1992.0,1994.0,1800,1969.4989112899227,1908.8408239949365,100.0,3.25,1993.75,1984.5,5.916079783100296,0.0005017561465128217,0.0005015045135406219,0.0007522567703109327,0.0005015045135406219,1737.5,1.0359712230215827,1984.5,3.25,10.0,0.9999669605252133,3.303947478672242e-05,BUY
2023-01-02 19:45:00,1994.0,1996.0,1993.0,1995.0,1600,1970.4989539844357,1909.6981292288176,100.0,3.25,1994.5,1985.5,5.916079783100296,0.0005015045135405849,0.0005012531328320802,0.0005012531328320802,0.0005012531328320802,1737.5,0.920863309352518,1985.5,3.25,10.0,0.9999669805000857,3.3019499914299644e-05,BUY
2023-01-02 20:00:00,1995.0,1997.5,1994.0,1996.0,1850,1971.498995004654,1910.5568543111178,100.0,3.25,1995.75,1986.5,5.916079783100296,0.0005012531328321135,0.000501002004008016,0.000751503006012024,0.000501002004008016,1737.5,1.064748201438849,1986.5,3.25,10.0,0.9999670001916283,3.299980837168093e-05,BUY
2023-01-02 20:15:00,1996.0,1998.0,1995.0,1997.0,1700,1972.4990344162363,1911.4169851139923,100.0,3.25,1996.5,1987.5,5.916079783100296,0.0005010020040079333,0.000500751126690035,0.000500751126690035,0.000500751126690035,1737.5,0.9784172661870504,1987.5,3.25,10.0,0.9999670196031821,3.2980396817872126e-05,BUY
2023-01-02 20:30:00,1997.0,1999.5,1996.0,1998.0,1800,1973.4990722822663,1912.2785076501716,100.0,3.25,1997.75,1988.5,5.916079783100296,0.0005007511266901243,0.0005005005005005005,0.0007507507507507507,0.0005005005005005005,1737.5,1.0359712230215827,1988.5,3.25,10.0,0.9999670387380454,3.296126195462268e-05,BUY
2023-01-02 20:45:00,1998.0,2000.0,1997.0,1999.0,1600,1974.499108663354,1913.141408071563,100.0,3.25,1998.5,1989.5,5.916079783100296,0.0005005005005005447,0.0005002501250625312,0.0005002501250625312,0.0005002501250625312,1737.5,0.920863309352518,1989.5,3.25,10.0,0.9999670575994741,3.2942400525870497e-05,BUY
2023-01-02 21:00:00,1999.0,2001.5,1998.0,2000.0,1850,1975.4991436177324,1914.005672667866,100.0,3.25,1999.75,1990.5,5.916079783100296,0.0005002501250626068,0.0005,0.00075,0.0005,1737.5,1.064748201438849,1990.5,3.25,10.0,0.9999670761906834,3.292380931663175e-05,BUY
2023-01-02 21:15:00,2000.0,2002.0,1999.0,2001.0,1700,1976.499177201351,1914.8712878652009,100.0,3.25,2000.5,1991.5,5.916079783100296,0.0004999999999999449,0.0004997501249375312,0.0004997501249375312,0.0004997501249375312,1737.5,0.9784172661870504,1991.5,3.25,10.0,0.999967094514847,3.2905485153000846e-05,BUY
2023-01-02 21:30:00,2001.0,2003.5,2000.0,2002.0,1800,1977.4992094679646,1915.7382402247513,100.0,3.25,2001.75,1992.5,5.916079783100296,0.0004997501249375258,0.0004995004995004995,0.0007492507492507493,0.0004995004995004995,1737.5,1.0359712230215827,1992.5,3.25,10.0,0.9999671125750983,3.2887424901706375e-05,BUY
2023-01-02 21:45:00,2002.0,2004.0,2001.0,2003.0,1600,1978.499240469221,1916.6065164414206,100.0,3.25,2002.5,1993.5,5.916079783100296,0.0004995004995005381,0.0004992511233150275,0.0004992511233150275,0.0004992511233150275,1737.5,0.920863309352518,1993.5,3.25,10.0,0.999967130374532,3.286962546800165e-05,BUY
2023-01-02 22:00:00,2003.0,2005.5,2002.0,2004.0,1850,1979.4992702547418,1917.4761033425011,100.0,3.25,2003.75,1994.5,5.916079783100296,0.0004992511233150587,0.000499001996007984,0.0007485029940119761,0.000499001996007984,1737.5,1.064748201438849,1994.5,3.25,10.0,0.9999671479162024,3.285208379755211e-05,BUY
2023-01-02 22:15:00,2004.0,2006.0,2003.0,2005.0,1700,1980.4992988722029,1918.3469878863568,100.0,3.25,2004.5,1995.5,5.916079783100296,0.0004990019960080527,0.0004987531172069825,0.0004987531172069825,0.0004987531172069825,1737.5,0.9784172661870504,1995.5,3.25,10.0,0.9999671652031263,3.2834796873659755e-05,BUY
2023-01-02 22:30:00,2005.0,2007.5,2004.0,2006.0,1800,1981.4993263674107,1919.2191571611195,100.0,3.25,2005.75,1996.5,5.916079783100296,0.0004987531172069293,0.0004985044865403788,0.0007477567298105683,0.0004985044865403788,1737.5,1.0359712230215827,1996.5,3.25,10.0,0.999967182238282,3.2817761718040295e-05,BUY
2023-01-02 22:45:00,2006.0,2008.0,2005.0,2007.0,1600,1982.499352784375,1920.092598383397,100.0,3.25,2006.5,1997.5,5.916079783100296,0.0004985044865404298,0.0004982561036372695,0.0004982561036372695,0.0004982561036372695,1737.5,0.920863309352518,1997.5,3.25,10.0,0.9999671990246107,3.280097538926885e-05,BUY
2023-01-02 23:00:00,2007.0,2009.5,2006.0,2008.0,1850,1983.49937816538,1920.967298896995,100.0,3.25,2007.75,1998.5,5.916079783100296,0.0004982561036372957,0.00049800796812749,0.000747011952191235,0.00049800796812749,1737.5,1.064748201438849,1998.5,3.25,10.0,0.9999672155650166,3.2784434983446076e-05,BUY
2023-01-02 23:15:00,2008.0,2010.0,2007.0,2009.0,1700,1984.4994025510514,1921.843246171652,100.0,3.25,2008.5,1999.5,5.916079783100296,0.0004980079681276006,0.0004977600796416127,0.0004977600796416127,0.0004977600796416127,1737.5,0.9784172661870504,1999.5,3.25,10.0,0.999967231862367,3.2768137632976924e-05,BUY
2023-01-02 23:30:00,2009.0,2011.5,2008.0,2010.0,1800,1985.4994259804218,1922.720427801785,100.0,3.25,2009.75,2000.5,5.916079783100296,0.0004977600796416404,0.0004975124378109452,0.0007462686567164179,0.0004975124378109452,1737.5,1.0359712230215827,2000.5,3.25,10.0,0.9999672479194943,3.275208050568246e-05,BUY
2023-01-02 23:45:00,2010.0,2012.0,2009.0,2011.0,1600,1986.4994484909935,1923.59883150525,100.0,3.25,2010.5,2001.5,5.916079783100296,0.0004975124378110429,0.0004972650422675286,0.0004972650422675286,0.0004972650422675286,1737.5,0.920863309352518,2001.5,3.25,10.0,0.9999672637391952,3.2736260804799855e-05,BUY
2023-01-03 00:00:00,2011.0,2013.5,2010.0,2012.0,1850,1987.4994701187977,1924.4784451221133,100.0,3.25,2011.75,2002.5,5.916079783100296,0.0004972650422674363,0.0004970178926441351,0.0007455268389662028,0.0004970178926441351,1737.5,1.064748201438849,2002.5,3.25,10.0,0.9999672793242312,3.2720675768760366e-05,BUY
2023-01-03 00:15:00,2012.0,2014.0,2011.0,2013.0,1700,1988.499490898453,1925.3592566134357,100.0,3.25,2012.5,2003.5,5.916079783100296,0.0004970178926442248,0.0004967709885742673,0.0004967709885742673,0.0004967709885742673,1737.5,0.9784172661870504,2003.5,3.25,10.0,0.99996729467733,3.270532266996806e-05,BUY
2023-01-03 00:30:00,2013.0,2015.5,2012.0,2014.0,1800,1989.4995108632195,1926.2412540600683,100.0,3.25,2013.75,2004.5,5.916079783100296,0.0004967709885743687,0.0004965243296921549,0.0007447864945382324,0.0004965243296921549,1737.5,1.0359712230215827,2004.5,3.25,10.0,0.999967309801185,3.269019881502189e-05,BUY
2023-01-03 00:45:00,2014.0,2016.0,2013.0,2015.0,1600,1990.4995300450541,1927.124425661461,100.0,3.25,2014.5,2005.5,5.916079783100296,0.0004965243296921606,0.0004962779156327543,0.0004962779156327543,0.0004962779156327543,1737.5,0.920863309352518,2005.5,3.25,10.0,0.9999673246984565,3.2675301543494406e-05,BUY
2023-01-03 01:00:00,2015.0,2017.5,2014.0,2016.0,1850,1991.4995484746598,1928.0087597344811,100.0,3.25,2015.75,2006.5,5.916079783100296,0.0004962779156327812,0.000496031746031746,0.000744047619047619,0.000496031746031746,1737.5,1.064748201438849,2006.5,3.25,10.0,0.9999673393717717,3.2660628228264876e-05,BUY
2023-01-03 01:15:00,2016.0,2018.0,2015.0,2017.0,1700,1992.4995661815358,1928.8942447122474,100.0,3.25,2016.5,2007.5,5.916079783100296,0.0004960317460318553,0.0004957858205255329,0.0004957858205255329,0.0004957858205255329,1737.5,0.9784172661870504,2007.5,3.25,10.0,0.9999673538237257,3.2646176274298e-05,BUY
2023-01-03 01:30:00,2017.0,2019.5,2016.0,2018.0,1800,1993.4995831940248,1929.7808691429714,100.0,3.25,2017.75,2008.5,5.916079783100296,0.0004957858205254517,0.0004955401387512388,0.0007433102081268583,0.0004955401387512388,1737.5,1.0359712230215827,2008.5,3.25,10.0,0.999967368056881,3.263194311897699e-05,BUY
2023-01-03 01:45:00,2018.0,2020.0,2017.0,2019.0,1600,1994.4995995393574,1930.6686216888124,100.0,3.25,2018.5,2009.5,5.916079783100296,0.0004955401387511937,0.0004952947003467063,0.0004952947003467063,0.0004952947003467063,1737.5,0.920863309352518,2009.5,3.25,10.0,0.9999673820737696,3.261792623043824e-05,BUY
2023-01-03 02:00:00,2019.0,2021.5,2018.0,2020.0,1850,1995.4996152436963,1931.5574911247447,100.0,3.25,2019.75,2010.5,5.916079783100296,0.0004952947003467045,0.0004950495049504951,0.0007425742574257426,0.0004950495049504951,1737.5,1.064748201438849,2010.5,3.25,10.0,0.9999673958768908,3.260412310923666e-05,BUY
2023-01-03 02:15:00,2020.0,2022.0,2019.0,2021.0,1700,1996.4996303321789,1932.447466337434,100.0,3.25,2020.5,2011.5,5.916079783100296,0.0004950495049504955,0.0004948045522018803,0.0004948045522018803,0.0004948045522018803,1737.5,0.9784172661870504,2011.5,3.25,10.0,0.9999674094687147,3.259053128534806e-05,BUY
2023-01-03 02:30:00,2021.0,2023.5,2020.0,2022.0,1800,1997.4996448289562,1933.3385363241264,100.0,3.25,2021.75,2012.5,5.916079783100296,0.0004948045522019662,0.0004945598417408506,0.000741839762611276,0.0004945598417408506,1737.5,1.0359712230215827,2012.5,3.25,10.0,0.99996742285168,3.2577148319945515e-05,BUY
2023-01-03 02:45:00,2022.0,2024.0,2021.0,2023.0,1600,1998.4996587572325,1934.230690191548,100.0,3.25,2022.5,2013.5,5.916079783100296,0.0004945598417409602,0.0004943153732081067,0.0004943153732081067,0.0004943153732081067,1737.5,0.920863309352518,2013.5,3.25,10.0,0.9999674360281969,3.2563971803067915e-05,BUY
2023-01-03 03:00:00,2023.0,2025.5,2022.0,2024.0,1850,1999.4996721393018,1935.1239171548164,100.0,3.25,2023.75,2014.5,5.916079783100296,0.0004943153732082095,0.0004940711462450593,0.0007411067193675889,0.0004940711462450593,1737.5,1.064748201438849,2014.5,3.25,10.0,0.9999674490006446,3.255099935539629e-05,BUY
2023-01-03 03:15:00,2024.0,2026.0,2023.0,2025.0,1700,2000.4996849965842,1936.0182065363606,100.0,3.25,2024.5,2015.5,5.916079783100296,0.000494071146245112,0.0004938271604938272,0.0004938271604938272,0.0004938271604938272,1737.5,0.9784172661870504,2015.5,3.25,10.0,0.9999674617713744,3.2538228625589305e-05,BUY
2023-01-03 03:30:00,2025.0,2027.5,2024.0,2026.0,1800,2001.4996973496593,1936.9135477648545,100.0,3.25,2025.75,2016.5,5.916079783100296,0.0004938271604937317,0.0004935834155972359,0.0007403751233958539,0.0004935834155972359,1737.5,1.0359712230215827,2016.5,3.25,10.0,0.9999674743427087,3.252565729128243e-05,BUY
2023-01-03 03:45:00,2026.0,2028.0,2025.0,2027.0,1600,2002.4997092183003,1937.8099303741594,100.0,3.25,2026.5,2017.5,5.916079783100296,0.000493583415597243,0.000493339911198816,0.000493339911198816,0.000493339911198816,1737.5,0.920863309352518,2017.5,3.25,10.0,0.9999674867169415,3.251328305853285e-05,BUY
2023-01-03 04:00:00,2027.0,2029.5,2026.0,2028.0,1850,2003.4997206215041,1938.7073440022773,100.0,3.25,2027.75,2018.5,5.916079783100296,0.0004933399111988201,0.0004930966469428008,0.0007396449704142012,0.0004930966469428008,1737.5,1.064748201438849,2018.5,3.25,10.0,0.999967498896339,3.250110366104231e-05,BUY
2023-01-03 04:15:00,2028.0,2030.0,2027.0,2029.0,1700,2004.4997315775236,1939.6057783903143,100.0,3.25,2028.5,2019.5,5.916079783100296,0.0004930966469427478,0.0004928536224741252,0.0004928536224741252,0.0004928536224741252,1737.5,0.9784172661870504,2019.5,3.25,10.0,0.9999675108831396,3.248911686037914e-05,BUY
2023-01-03 04:30:00,2029.0,2031.5,2028.0,2030.0,1800,2005.4997421038952,1940.5052233814556,100.0,3.25,2029.75,2020.5,5.916079783100296,0.0004928536224741986,0.0004926108374384236,0.0007389162561576355,0.0004926108374384236,1737.5,1.0359712230215827,2020.5,3.25,10.0,0.9999675226795554,3.247732044464602e-05,BUY
2023-01-03 04:45:00,2030.0,2032.0,2029.0,2031.0,1600,2006.499752217468,1941.4056689199488,100.0,3.25,2030.5,2021.5,5.916079783100296,0.0004926108374383453,0.0004923682914820286,0.0004923682914820286,0.0004923682914820286,1737.5,0.920863309352518,2021.5,3.25,10.0,0.9999675342877711,3.2465712228924026e-05,BUY
2023-01-03 05:00:00,2031.0,2033.5,2030.0,2032.0,1850,2007.4997619344301,1942.3071050500987,100.0,3.25,2031.75,2022.5,5.916079783100296,0.000492368291482137,0.0004921259842519685,0.0007381889763779527,0.0004921259842519685,1737.5,1.064748201438849,2022.5,3.25,10.0,0.9999675457099452,3.245429005482858e-05,BUY
2023-01-03 05:15:00,2032.0,2034.0,2031.0,2033.0,1700,2008.4997712703348,1943.209521915272,100.0,3.25,2032.5,2023.5,5.916079783100296,0.0004921259842520787,0.0004918839153959665,0.0004918839153959665,0.0004918839153959665,1737.5,0.9784172661870504,2023.5,3.25,10.0,0.9999675569482105,3.2443051789510235e-05,BUY
2023-01-03 05:30:00,2033.0,2035.5,2032.0,2034.0,1800,2009.4997802401256,1944.1129097569112,100.0,3.25,2033.75,2024.5,5.916079783100296,0.0004918839153960075,0.0004916420845624386,0.0007374631268436578,0.0004916420845624386,1737.5,1.0359712230215827,2024.5,3.25,10.0,0.9999675680046735,3.243199532654284e-05,BUY
2023-01-03 05:45:00,2034.0,2036.0,2033.0,2035.0,1600,2010.49978885816,1945.017258913559,100.0,3.25,2034.5,2025.5,5.916079783100296,0.000491642084562427,0.0004914004914004914,0.0004914004914004914,0.0004914004914004914,1737.5,0.920863309352518,2025.5,3.25,10.0,0.9999675788814156,3.2421118584369246e-05,BUY
2023-01-03 06:00:00,2035.0,2037.5,2034.0,2036.0,1850,2011.499797138232,1945.922559819892,100.0,3.25,2035.75,2026.5,5.916079783100296,0.0004914004914005066,0.0004911591355599214,0.0007367387033398821,0.0004911591355599214,1737.5,1.064748201438849,2026.5,3.25,10.0,0.9999675895804937,3.24104195063013e-05,BUY
2023-01-03 06:15:00,2036.0,2038.0,2035.0,2037.0,1700,2012.4998050935956,1946.8288030057638,100.0,3.25,2036.5,2027.5,5.916079783100296,0.0004911591355598599,0.0004909180166912126,0.0004909180166912126,0.0004909180166912126,1737.5,0.9784172661870504,2027.5,3.25,10.0,0.9999676001039394,3.239989606063087e-05,BUY
2023-01-03 06:30:00,2037.0,2039.5,2036.0,2038.0,1800,2013.499812736984,1947.7359790952587,100.0,3.25,2037.75,2028.5,5.916079783100296,0.0004909180166912108,0.0004906771344455348,0.0007360157016683023,0.0004906771344455348,1737.5,1.0359712230215827,2028.5,3.25,10.0,0.9999676104537606,3.2389546239408595e-05,BUY
2023-01-03 06:45:00,2038.0,2040.0,2037.0,2039.0,1600,2014.4998200806317,1948.6440788057537,100.0,3.25,2038.5,2029.5,5.916079783100296,0.0004906771344455052,0.0004904364884747426,0.0004904364884747426,0.0004904364884747426,1737.5,0.920863309352518,2029.5,3.25,10.0,0.9999676206319404,3.23793680595541e-05,BUY
2023-01-03 07:00:00,2039.0,2041.5,2038.0,2040.0,1850,2015.4998271362933,1949.55309294699,100.0,3.25,2039.75,2030.5,5.916079783100296,0.0004904364884747991,0.0004901960784313725,0.0007352941176470588,0.0004901960784313725,1737.5,1.064748201438849,2030.5,3.25,10.0,0.9999676306404388,3.236935956119069e-05,BUY
2023-01-03 07:15:00,2040.0,2042.0,2039.0,2041.0,1700,2016.4998339152623,1950.4630124201544,100.0,3.25,2040.5,2031.5,5.916079783100296,0.0004901960784313708,0.0004899559039686428,0.0004899559039686428,0.0004899559039686428,1737.5,0.9784172661870504,2031.5,3.25,10.0,0.9999676404811924,3.2359518807645316e-05,BUY
2023-01-03 07:30:00,2041.0,2043.5,2040.0,2042.0,1800,2017.4998404283892,1951.3738282169688,100.0,3.25,2041.75,2032.5,5.916079783100296,0.0004899559039686086,0.0004897159647404506,0.0007345739471106758,0.0004897159647404506,1737.5,1.0359712230215827,2032.5,3.25,10.0,0.9999676501561147,3.234984388533757e-05,BUY
2023-01-03 07:45:00,2042.0,2044.0,2041.0,2043.0,1600,2018.4998466860993,1952.2855314187902,100.0,3.25,2042.5,2033.5,5.916079783100296,0.0004897159647403448,0.0004894762604013706,0.0004894762604013706,0.0004894762604013706,1737.5,0.920863309352518,2033.5,3.25,10.0,0.9999676596670962,3.234033290377969e-05,BUY
2023-01-03 08:00:00,2043.0,2045.5,2042.0,2044.0,1850,2019.4998526984093,1953.198113195718,100.0,3.25,2043.75,2034.5,5.916079783100296,0.0004894762604013003,0.0004892367906066536,0.0007338551859099804,0.0004892367906066536,1737.5,1.064748201438849,2034.5,3.25,10.0,0.9999676690160051,3.233098399491041e-05,BUY
2023-01-03 08:15:00,2044.0,2046.0,2043.0,2045.0,1700,2020.4998584749424,1954.111564805711,100.0,3.25,2044.5,2035.5,5.916079783100296,0.0004892367906066397,0.0004889975550122249,0.0004889975550122249,0.0004889975550122249,1737.5,0.9784172661870504,2035.5,3.25,10.0,0.9999676782046877,3.2321795312317825e-05,BUY
2023-01-03 08:30:00,2045.0,2047.5,2044.0,2046.0,1800,2021.4998640249446,1955.025877593714,100.0,3.25,2045.75,2036.5,5.916079783100296,0.0004889975550121939,0.0004887585532746823,0.0007331378299120235,0.0004887585532746823,1737.5,1.0359712230215827,2036.5,3.25,10.0,0.9999676872349681,3.23127650319055e-05,BUY
2023-01-03 08:45:00,2046.0,2048.0,2045.0,2047.0,1600,2022.4998693572998,1955.9410429907916,100.0,3.25,2046.5,2037.5,5.916079783100296,0.0004887585532746819,0.0004885197850512946,0.0004885197850512946,0.0004885197850512946,1737.5,0.920863309352518,2037.5,3.25,10.0,0.9999676961086487,3.230389135133738e-05,BUY
2023-01-03 09:00:00,2047.0,2049.5,2046.0,2048.0,1850,2023.499874480543,1956.8570525132714,100.0,3.25,2047.75,2038.5,5.916079783100296,0.0004885197850512668,0.00048828125,0.000732421875,0.00048828125,1737.5,1.064748201438849,2038.5,3.25,10.0,0.9999677048275111,3.229517248892755e-05,BUY
2023-01-03 09:15:00,2048.0,2050.0,2047.0,2049.0,1700,2024.4998794028745,1957.7738977618956,100.0,3.25,2048.5,2039.5,5.916079783100296,0.00048828125,0.0004880429477794046,0.0004880429477794046,0.0004880429477794046,1737.5,0.9784172661870504,2039.5,3.25,10.0,0.9999677133933155,3.228660668452843e-05,BUY
2023-01-03 09:30:00,2049.0,2051.5,2048.0,2050.0,1800,2025.4998841321737,1958.6915704209812,100.0,3.25,2049.75,2040.5,5.916079783100296,0.00048804294777937685,0.0004878048780487805,0.0007317073170731707,0.0004878048780487805,1737.5,1.0359712230215827,2040.5,3.25,10.0,0.9999677218078012,3.227819219875361e-05,BUY
2023-01-03 09:45:00,2050.0,2052.0,2049.0,2051.0,1600,2026.4998886760102,1959.6100622575884,100.0,3.25,2050.5,2041.5,5.916079783100296,0.0004878048780487809,0.00048756704046806434,0.00048756704046806434,0.00048756704046806434,1737.5,0.920863309352518,2041.5,3.25,10.0,0.9999677300726876,3.226992731242273e-05,BUY
2023-01-03 10:00:00,2051.0,2053.5,2050.0,2052.0,1850,2027.4998930416568,1960.529365120697,100.0,3.25,2051.75,2042.5,5.916079783100296,0.0004875670404680399,0.0004873294346978557,0.0007309941520467836,0.0004873294346978557,1737.5,1.064748201438849,2042.5,3.25,10.0,0.9999677381896735,3.226181032645048e-05,BUY
2023-01-03 10:15:00,2052.0,2054.0,2051.0,2053.0,1700,2028.4998972361018,1961.4494709403918,100.0,3.25,2052.5,2043.5,5.916079783100296,0.0004873294346978696,0.0004870920603994155,0.0004870920603994155,0.0004870920603994155,1737.5,0.9784172661870504,2043.5,3.25,10.0,0.9999677461604376,3.225383956240169e-05,BUY
2023-01-03 10:30:00,2053.0,2055.5,2052.0,2054.0,1800,2029.4999012660585,1962.3703717270548,100.0,3.25,2053.75,2044.5,5.916079783100296,0.00048709206039943,0.0004868549172346641,0.0007302823758519961,0.0004868549172346641,1737.5,1.0359712230215827,2044.5,3.25,10.0,0.9999677539866392,3.2246013360826e-05,BUY
2023-01-03 10:45:00,2054.0,2056.0,2053.0,2055.0,1600,2030.4999051379777,1963.2920595705668,100.0,3.25,2054.5,2045.5,5.916079783100296,0.00048685491723476915,0.00048661800486618007,0.00048661800486618007,0.00048661800486618007,1737.5,0.920863309352518,2045.5,3.25,10.0,0.9999677616699182,3.223833008181298e-05,BUY
2023-01-03 11:00:00,2055.0,2057.5,2054.0,2056.0,1850,2031.499908858057,1964.2145266395166,100.0,3.25,2055.75,2046.5,5.916079783100296,0.00048661800486615725,0.00048638132295719845,0.0007295719844357977,0.00048638132295719845,1737.5,1.064748201438849,2046.5,3.25,10.0,0.9999677692118949,3.223078810510316e-05,BUY
2023-01-03 11:15:00,2056.0,2058.0,2055.0,2057.0,1700,2032.499912432251,1965.137765180417,100.0,3.25,2056.5,2047.5,5.916079783100296,0.0004863813229571967,0.0004861448711716091,0.0004861448711716091,0.0004861448711716091,1737.5,0.9784172661870504,2047.5,3.25,10.0,0.9999677766141708,3.222338582919981e-05,BUY
2023-01-03 11:30:00,2057.0,2059.5,2056.0,2058.0,1800,2033.4999158662804,1966.0617675169303,100.0,3.25,2057.75,2048.5,5.916079783100296,0.000486144871171712,0.00048590864917395527,0.0007288629737609329,0.00048590864917395527,1737.5,1.0359712230215827,2048.5,3.25,10.0,0.9999677838783294,3.2216121670591846e-05,BUY
2023-01-03 11:45:00,2058.0,2060.0,2057.0,2059.0,1600,2034.499919165642,1966.9865260491001,100.0,3.25,2058.5,2049.5,5.916079783100296,0.0004859086491739717,0.00048567265662943174,0.00048567265662943174,0.00048567265662943174,1737.5,0.920863309352518,2049.5,3.25,10.0,0.9999677910059345,3.220899406553013e-05,BUY
2023-01-03 12:00:00,2059.0,2061.5,2058.0,2060.0,1850,2035.499922335617,1967.9120332525918,100.0,3.25,2059.75,2050.5,5.916079783100296,0.00048567265662935455,0.0004854368932038835,0.0007281553398058253,0.0004854368932038835,1737.5,1.064748201438849,2050.5,3.25,10.0,0.9999677979985326,3.220200146736296e-05,BUY
2023-01-03 12:15:00,2060.0,2062.0,2059.0,2061.0,1700,2036.499925381279,1968.8382816779392,100.0,3.25,2060.5,2051.5,5.916079783100296,0.0004854368932039055,0.00048520135856380397,0.00048520135856380397,0.00048520135856380397,1737.5,0.9784172661870504,2051.5,3.25,10.0,0.9999678048576519,3.21951423480904e-05,BUY
2023-01-03 12:30:00,2061.0,2063.5,2060.0,2062.0,1800,2037.4999283075033,1969.7652639498006,100.0,3.25,2061.75,2052.5,5.916079783100296,0.00048520135856389146,0.00048496605237633366,0.0007274490785645005,0.00048496605237633366,1737.5,1.0359712230215827,2052.5,3.25,10.0,0.999967811584803,3.218841519703197e-05,BUY
2023-01-03 12:45:00,2062.0,2064.0,2061.0,2063.0,1600,2038.4999311189738,1970.6929727662205,100.0,3.25,2062.5,2053.5,5.916079783100296,0.00048496605237624557,0.0004847309743092584,0.0004847309743092584,0.0004847309743092584,1737.5,0.920863309352518,2053.5,3.25,10.0,0.9999678181814783,3.218181852171487e-05,BUY
2023-01-03 13:00:00,2063.0,2065.5,2062.0,2064.0,1850,2039.4999338201906,1971.6214008979,100.0,3.25,2063.75,2054.5,5.916079783100296,0.0004847309743092332,0.00048449612403100775,0.0007267441860465116,0.00048449612403100775,1737.5,1.064748201438849,2054.5,3.25,10.0,0.9999678246491541,3.217535084587553e-05,BUY
2023-01-03 13:15:00,2064.0,2066.0,2063.0,2065.0,1700,2040.4999364154774,1972.5505411874733,100.0,3.25,2064.5,2055.5,5.916079783100296,0.0004844961240308976,0.00048426150121065375,0.00048426150121065375,0.00048426150121065375,1737.5,0.9784172661870504,2055.5,3.25,10.0,0.9999678309892884,3.216901071156908e-05,BUY
2023-01-03 13:30:00,2065.0,2067.5,2064.0,2066.0,1800,2041.499938908988,1973.4803865487922,100.0,3.25,2065.75,2056.5,5.916079783100296,0.0004842615012106144,0.000484027105517909,0.0007260406582768635,0.000484027105517909,1737.5,1.0359712230215827,2056.5,3.25,10.0,0.9999678372033229,3.21627966770599e-05,BUY
2023-01-03 13:45:00,2066.0,2068.0,2065.0,2067.0,1600,2042.499941304714,1974.4109299662173,100.0,3.25,2066.5,2057.5,5.916079783100296,0.0004840271055179812,0.0004837929366231253,0.0004837929366231253,0.0004837929366231253,1737.5,0.920863309352518,2057.5,3.25,10.0,0.9999678432926826,3.215670731737674e-05,BUY
2023-01-03 14:00:00,2067.0,2069.5,2066.0,2068.0,1850,2043.4999436064898,1975.3421644939167,100.0,3.25,2067.75,2058.5,5.916079783100296,0.0004837929366230398,0.00048355899419729207,0.0007253384912959381,0.00048355899419729207,1737.5,1.064748201438849,2058.5,3.25,10.0,0.999967849258776,3.215074122397965e-05,BUY
2023-01-03 14:15:00,2068.0,2070.0,2067.0,2069.0,1700,2044.499945818,1976.2740832551713,100.0,3.25,2068.5,2059.5,5.916079783100296,0.00048355899419738613,0.0004833252779120348,0.0004833252779120348,0.0004833252779120348,1737.5,0.9784172661870504,2059.5,3.25,10.0,0.9999678551029954,3.2144897004648953e-05,BUY
2023-01-03 14:30:00,2069.0,2071.5,2068.0,2070.0,1800,2045.4999479427845,1977.206679441687,100.0,3.25,2069.75,2060.5,5.916079783100296,0.0004833252779119501,0.0004830917874396135,0.0007246376811594203,0.0004830917874396135,1737.5,1.0359712230215827,2060.5,3.25,10.0,0.9999678608267165,3.2139173283485256e-05,BUY
2023-01-03 14:45:00,2070.0,2072.0,2069.0,2071.0,1600,2046.499949984244,1978.139946312914,100.0,3.25,2070.5,2061.5,5.916079783100296,0.0004830917874396601,0.0004828585224529213,0.0004828585224529213,0.0004828585224529213,1737.5,0.920863309352518,2061.5,3.25,10.0,0.9999678664313004,3.2133568699577175e-05,BUY
2023-01-03 15:00:00,2071.0,2073.5,2070.0,2072.0,1850,2047.4999519456462,1979.0738771953725,100.0,3.25,2071.75,2062.5,5.916079783100296,0.0004828585224530002,0.00048262548262548264,0.0007239382239382239,0.00048262548262548264,1737.5,1.064748201438849,2062.5,3.25,10.0,0.999967871918091,3.212808190899974e-05,BUY
2023-01-03 15:15:00,2072.0,2074.0,2071.0,2073.0,1700,2048.499953830131,1980.0084654819857,100.0,3.25,2072.5,2063.5,5.916079783100296,0.00048262548262556493,0.000482392667631452,0.000482392667631452,0.000482392667631452,1737.5,0.9784172661870504,2063.5,3.25,10.0,0.9999678772884181,3.212271158192781e-05,BUY
2023-01-03 15:30:00,2073.0,2075.5,2072.0,2074.0,1800,2049.4999556407142,1980.9437046314188,100.0,3.25,2073.75,2064.5,5.916079783100296,0.00048239266763139277,0.00048216007714561236,0.0007232401157184186,0.00048216007714561236,1737.5,1.0359712230215827,2064.5,3.25,10.0,0.9999678825435951,3.2117456404856526e-05,BUY
2023-01-03 15:45:00,2074.0,2076.0,2073.0,2075.0,1600,2050.4999573802943,1981.8795881674246,100.0,3.25,2074.5,2065.5,5.916079783100296,0.00048216007714563247,0.00048192771084337347,0.00048192771084337347,0.00048192771084337347,1737.5,0.920863309352518,2065.5,3.25,10.0,0.9999678876849213,3.211231507871393e-05,BUY
2023-01-03 16:00:00,2075.0,2077.5,2074.0,2076.0,1850,2051.4999590516554,1982.8161096781967,100.0,3.25,2075.75,2066.5,5.916079783100296,0.0004819277108434328,0.0004816955684007707,0.000722543352601156,0.0004816955684007707,1737.5,1.064748201438849,2066.5,3.25,10.0,0.9999678927136806,3.210728631941606e-05,BUY
2023-01-03 16:15:00,2076.0,2078.0,2075.0,2077.0,1700,2052.499960657473,1983.753262815727,100.0,3.25,2076.5,2067.5,5.916079783100296,0.0004816955684008306,0.00048146364949446316,0.00048146364949446316,0.00048146364949446316,1737.5,0.9784172661870504,2067.5,3.25,10.0,0.9999678976311424,3.210236885764495e-05,BUY
2023-01-03 16:30:00,2077.0,2079.5,2076.0,2078.0,1800,2053.499962200317,1984.691041295173,100.0,3.25,2077.75,2068.5,5.916079783100296,0.000481463649494529,0.00048123195380173246,0.0007218479307025986,0.00048123195380173246,1737.5,1.0359712230215827,2068.5,3.25,10.0,0.999967902438561,3.209756143895959e-05,BUY
2023-01-03 16:45:00,2078.0,2080.0,2077.0,2079.0,1600,2054.499963682658,1985.6294388942258,100.0,3.25,2078.5,2069.5,5.916079783100296,0.00048123195380167516,0.000481000481000481,0.000481000481000481,0.000481000481000481,1737.5,0.920863309352518,2069.5,3.25,10.0,0.9999679071371773,3.209286282268575e-05,BUY
2023-01-03 17:00:00,2079.0,2081.5,2078.0,2080.0,1850,2055.4999651068674,1986.5684494524921,100.0,3.25,2079.75,2070.5,5.916079783100296,0.0004810004810005264,0.0004807692307692308,0.0007211538461538462,0.0004807692307692308,1737.5,1.064748201438849,2070.5,3.25,10.0,0.9999679117282175,3.208827178247109e-05,BUY
2023-01-03 17:15:00,2080.0,2082.0,2079.0,2081.0,1700,2056.499966475226,1987.5080668708754,100.0,3.25,2080.5,2071.5,5.916079783100296,0.0004807692307693401,0.0004805382027871216,0.0004805382027871216,0.0004805382027871216,1737.5,0.9784172661870504,2071.5,3.25,10.0,0.9999679162128937,3.208378710628512e-05,BUY
2023-01-03 17:30:00,2081.0,2083.5,2080.0,2082.0,1800,2057.4999677899227,1988.4482851109663,100.0,3.25,2081.75,2072.5,5.916079783100296,0.00048053820278703974,0.0004803073967339097,0.0007204610951008645,0.0004803073967339097,1737.5,1.0359712230215827,2072.5,3.25,10.0,0.9999679205924046,3.207940759542005e-05,BUY
2023-01-03 17:45:00,2082.0,2084.0,2081.0,2083.0,1600,2058.499969053063,1989.3890981944394,100.0,3.25,2082.5,2073.5,5.916079783100296,0.0004803073967338811,0.00048007681228996637,0.00048007681228996637,0.00048007681228996637,1737.5,0.920863309352518,2073.5,3.25,10.0,0.9999679248679346,3.207513206537893e-05,BUY
2023-01-03 18:00:00,2083.0,2085.5,2082.0,2084.0,1850,2059.4999702666682,1990.330500202455,100.0,3.25,2083.75,2074.5,5.916079783100296,0.00048007681228989796,0.0004798464491362764,0.0007197696737044146,0.0004798464491362764,1737.5,1.064748201438849,2074.5,3.25,10.0,0.9999679290406556,3.207095934443238e-05,BUY
2023-01-03 18:15:00,2084.0,2086.0,2083.0,2085.0,1700,2060.4999714326814,1991.2724852750673,100.0,3.25,2084.5,2075.5,5.916079783100296,0.0004798464491362342,0.00047961630695443646,0.00047961630695443646,0.00047961630695443646,1737.5,0.9784172661870504,2075.5,3.25,10.0,0.999967933111725,3.2066888274950855e-05,BUY
2023-01-03 18:30:00,2085.0,2087.5,2084.0,2086.0,1800,2061.4999725529683,1992.215047610639,100.0,3.25,2085.75,2076.5,5.916079783100296,0.0004796163069544779,0.00047938638542665386,0.0007190795781399808,0.00047938638542665386,1737.5,1.0359712230215827,2076.5,3.25,10.0,0.999967937082288,3.206291771196135e-05,BUY
2023-01-03 18:45:00,2086.0,2088.0,2085.0,2087.0,1600,2062.4999736293225,1993.1581814652595,100.0,3.25,2086.5,2077.5,5.916079783100296,0.0004793863854266611,0.0004791566842357451,0.0004791566842357451,0.0004791566842357451,1737.5,0.920863309352518,2077.5,3.25,10.0,0.9999679409534767,3.2059046523258417e-05,BUY
2023-01-03 19:00:00,2087.0,2089.5,2086.0,2088.0,1850,2063.4999746634667,1994.1018811521726,100.0,3.25,2087.75,2078.5,5.916079783100296,0.00047915668423570423,0.0004789272030651341,0.0007183908045977011,0.0004789272030651341,1737.5,1.064748201438849,2078.5,3.25,10.0,0.9999679447264097,3.2055273590292366e-05,BUY
2023-01-03 19:15:00,2088.0,2090.0,2087.0,2089.0,1700,2064.4999756570564,1995.0461410412058,100.0,3.25,2088.5,2079.5,5.916079783100296,0.00047892720306519365,0.0004786979415988511,0.0004786979415988511,0.0004786979415988511,1737.5,0.9784172661870504,2079.5,3.25,10.0,0.9999679484021938,3.205159780617084e-05,BUY
2023-01-03 19:30:00,2089.0,2091.5,2088.0,2090.0,1800,2065.4999766116816,1995.9909555582087,100.0,3.25,2089.75,2080.5,5.916079783100296,0.00047869794159893786,0.0004784688995215311,0.0007177033492822966,0.0004784688995215311,1737.5,1.0359712230215827,2080.5,3.25,10.0,0.9999679519819225,3.20480180775462e-05,BUY
2023-01-03 19:45:00,2090.0,2092.0,2089.0,2091.0,1600,2066.4999775288707,1996.9363191844952,100.0,3.25,2090.5,2081.5,5.916079783100296,0.0004784688995216335,0.00047824007651841227,0.00047824007651841227,0.00047824007651841227,1737.5,0.920863309352518,2081.5,3.25,10.0,0.9999679554666774,3.204453332261714e-05,BUY
2023-01-03 20:00:00,2091.0,2093.5,2090.0,2092.0,1850,2067.4999784100914,1997.8822264562914,100.0,3.25,2091.75,2082.5,5.916079783100296,0.0004782400765184214,0.0004780114722753346,0.0007170172084130019,0.0004780114722753346,1737.5,1.064748201438849,2082.5,3.25,10.0,0.9999679588575278,3.204114247223888e-05,BUY
2023-01-03 20:15:00,2092.0,2094.0,2091.0,2093.0,1700,2068.4999792567546,1998.828671964189,100.0,3.25,2092.5,2083.5,5.916079783100296,0.00047801147227533036,0.00047778308647873863,0.00047778308647873863,0.00047778308647873863,1737.5,0.9784172661870504,2083.5,3.25,10.0,0.9999679621555307,3.203784446925706e-05,BUY
2023-01-03 20:30:00,2093.0,2095.5,2092.0,2094.0,1800,2069.4999800702153,1999.775650352605,100.0,3.25,2093.75,2084.5,5.916079783100296,0.0004777830864788335,0.0004775549188156638,0.0007163323782234957,0.0004775549188156638,1737.5,1.0359712230215827,2084.5,3.25,10.0,0.9999679653617316,3.20346382683967e-05,BUY
2023-01-03 20:45:00,2094.0,2096.0,2093.0,2095.0,1600,2070.4999808517755,2000.7231563192458,100.0,3.25,2094.5,2085.5,5.916079783100296,0.00047755491881562584,0.00047732696897374703,0.00047732696897374703,0.00047732696897374703,1737.5,0.920863309352518,2085.5,3.25,10.0,0.999967968477164,3.203152283604016e-05,BUY
2023-01-03 21:00:00,2095.0,2097.5,2094.0,2096.0,1850,2071.499981602686,2001.6711846145768,100.0,3.25,2095.75,2086.5,5.916079783100296,0.0004773269689737347,0.00047709923664122136,0.0007156488549618321,0.00047709923664122136,1737.5,1.064748201438849,2086.5,3.25,10.0,0.9999679715028492,3.2028497150782265e-05,BUY
2023-01-03 21:15:00,2096.0,2098.0,2095.0,2097.0,1700,2072.499982324149,2002.6197300412975,100.0,3.25,2096.5,2087.5,5.916079783100296,0.0004770992366411875,0.0004768717215069146,0.0004768717215069146,0.0004768717215069146,1737.5,0.9784172661870504,2087.5,3.25,10.0,0.9999679744397982,3.2025560201764947e-05,BUY
2023-01-03 21:30:00,2097.0,2099.5,2096.0,2098.0,1800,2073.49998301732,2003.568787453822,100.0,3.25,2097.75,2088.5,5.916079783100296,0.0004768717215068996,0.00047664442326024784,0.0007149666348903718,0.00047664442326024784,1737.5,1.0359712230215827,2088.5,3.25,10.0,0.9999679772890098,3.202271099023157e-05,BUY
2023-01-03 21:45:00,2098.0,2100.0,2097.0,2099.0,1600,2074.4999836833076,2004.5183517577643,100.0,3.25,2098.5,2089.5,5.916079783100296,0.0004766444232602307,0.0004764173415912339,0.0004764173415912339,0.0004764173415912339,1737.5,0.920863309352518,2089.5,3.25,10.0,0.9999679800514715,3.201994852852774e-05,BUY
